brand,name,address,latitude,longitude,city
Jollibee,Jollibee,"1038 Edsa E. Congressional, Bago Bantay, Quezon City, Metro Manila, Philippines",14.657792899999997,121.021055,Quezon City
Jollibee,Jollibee Abad Santos Ave.,"3039 Jose Abad Santos, Tondo, Manila, Metro Manila, Philippines",14.6321856,120.9803165,Manila
Jollibee,Jollibee,"Bukidnon Street, corner Antique, Bago Bantay, Quezon City, Kalakhang Maynila, Philippines",14.659820600000002,121.0258503,Quezon City
Jollibee,Jollibee,"858 Quezon Ave, Diliman, Quezon City, Metro Manila, Philippines",14.631291899999999,121.01719689999999,Quezon City
Jollibee,Jollibee Banawe,"424 Banawe St, Bgy, cor Ma Clara, Santa Mesa Heights, Quezon City, Metro Manila, Philippines",14.6277029,121.0043152,Quezon City
Jollibee,Jollibee Muñoz,"Munoz Market Plaza, EDSA cor, Fernando Poe Jr. Ave, Project 7, Quezon City, Metro Manila, Philippines",14.6573315,121.02002119999997,Quezon City
Jollibee,Jollibee,"D. Tuazon, St. Corner, Quezon Ave, Santa Mesa Heights, Quezon City, Metro Manila, Philippines",14.620177499999999,121.0037787,Quezon City
Jollibee,Jollibee Abad Santos - Solis,"1559 Abad Santos St, corner Solis St, Tondo, Manila, 1012 Metro Manila, Philippines",14.627000599999997,120.97906049999999,Manila
Jollibee,Jollibee,"109 Quezon Ave, Cor Gregorio Araneta Ave, Quezon City, Metro Manila, Philippines",14.628000300000002,121.0133585,Quezon City
Jollibee,Jollibee Roces- Quezon Ave,"1050 D&E Building Roces Ave, cor Quezon Ave, Diliman, Quezon City, Metro Manila, Philippines",14.633209100000002,121.02036319999999,Quezon City
Jollibee,Jollibee,"Jollibee E. Rodriguez, E. Rodriguez Sr. Ave, corner Sta Cecilia St, Quezon City, Metro Manila, Philippines",14.620658,121.0217775,Quezon City
Jollibee,Jollibee Banawe Cardiz,"Banawe St, corner Cardiz, Quezon City, Metro Manila, Philippines",14.620955599999998,121.0097989,Quezon City
Jollibee,Jollibee,"Old Sta Mesa, cor Magsaysay Blvd, Santa Mesa, Manila City, Metro Manila, Philippines",14.601963200000002,121.01194469999999,Manila
Jollibee,Jollibee Quezon Blvd- Mayon,"Quezon Blvd, cor Mayon St, Quezon City, Metro Manila, Philippines",14.618178799999999,121.0018096,Quezon City
Jollibee,Jollibee Mayon,"#162 ACV Bldg Mayon St, cor N.S. Amoranto Sr. St, La Loma, Quezon City, Metro Manila, Philippines",14.630290200000001,120.99590419999998,Quezon City
Jollibee,Jollibee España Don Quijote,"JX6V+FG3, Don Quijote St, Sampaloc, Manila, 1008 Metro Manila, Philippines",14.611125800000002,120.9937889,Manila
Jollibee,Jollibee - 5th Avenue,"240 Rizal Avenue Extension, Grace Park (5th Ave LRT Station East, R-9, Grace Park East, Caloocan, Metro Manila, Philippines",14.644019400000001,120.98373029999999,Caloocan
Jollibee,Jollibee Legarda Bustillos,"Legarda St, Sampaloc, Manila, 1008 Metro Manila, Philippines",14.6013482,120.992812,Manila
Jollibee,Jollibee,"850 M. Dela Fuente St, Sampaloc, Manila, 1008 Metro Manila, Philippines",14.610800200000002,120.99507659999999,Manila
Jollibee,Jollibee UST Dapitan,"1523 Dapitan St, Sampaloc, Manila, 1015 Metro Manila, Philippines",14.612963899999999,120.9894346,Manila
Jollibee,Jollibee,"Espana Blvd, Corner Padre Noval St, Sampaloc, Manila, 1008 Metro Manila, Philippines",14.606759400000001,120.98925489999999,Manila
Jollibee,Jollibee Pedro Gil Paco,"1246 Pedro Gil St, Paco, Manila, 1007 Metro Manila, Philippines",14.5785197,120.99481239999999,Manila
Jollibee,Jollibee - Vasra Visayas Ave,"48 Visayas Ave, Brgy, corner Forestry, Vasra, Diliman, Quezon City, Metro Manila, Philippines",14.661240500000002,121.04460139999999,Quezon City
Jollibee,Jollibee Scout Tobias,"Sct Tobias, cor Timog Ave, Diliman, Quezon City, Metro Manila, Philippines",14.6362118,121.03141099999999,Quezon City
Jollibee,Jollibee,"153 Fernando Poe Jr. Ave, San Francisco del Monte, Quezon City, Metro Manila, Philippines",14.639750200000002,121.0162943,Quezon City
Jollibee,Jollibee,"127 Quirino Hwy, cor M. Pascual St, Quezon City, 1106 Metro Manila, Philippines",14.6675903,121.00844040000001,Quezon City
Jollibee,JOLLIBEE RIZAL AVENUE DRIVE THRU,"949 Rizal Ave, Barangay 314, Santa Cruz, Manila, 1014 Metro Manila, Philippines",14.6060103,120.98183390000001,Manila
Jollibee,Jollibee Tomas Morato,"Tomas Morato Avenue, cor Scout de Guia St, Diliman, Quezon City, Metro Manila, Philippines",14.6313391,121.03431769999999,Quezon City
Jollibee,Jollibee,"9th Avenue, Rizal Ave Ext, Grace Park West, Caloocan, Metro Manila, Philippines",14.650329,120.98401960000001,Caloocan
Jollibee,Jollibee F. Manalo,"432 F. Blumentritt, Street, Barangay, corner F. Manalo, San Juan City, Metro Manila, Philippines",14.596003999999999,121.0281437,San Juan
Jollibee,Jollibee - Tayuman Manila NCR,"Rizal Ave, cor Tayuman St, Santa Cruz, Manila City, 1008 Metro Manila, Philippines",14.616632399999999,120.98254650000001,Manila
Jollibee,Jollibee,"MARCOS HIGHWAY CORNER, 985 Zaragoza St, Tondo, Manila, Metro Manila, Philippines",14.6022881,120.96208379999999,Manila
Jollibee,Jollibee Shell Edsa Balintawak,"1142 Epifanio de los Santos Ave, Balingasa, Quezon City, Metro Manila, Philippines",14.657840100000001,121.00760459999998,Quezon City
Jollibee,Jollibee - Ayala Malls Cloverleaf,"Ground Level Ayala Mall, Bonifacio St, Quezon City, Metro Manila, Philippines",14.655589899999999,121.00024850000001,Quezon City
Jollibee,Jollibee - Wilcon Visayas Ave (Drive-Thru),"113 Visayas Ave, Project 8, Quezon City, Metro Manila, Philippines",14.666403099999998,121.04294429999999,Quezon City
Jollibee,Jollibee Pedro Gil st Sta. Ana,"2422 Pedro Gil St, Santa Ana, Manila, Metro Manila, Philippines",14.581514,121.01279389999999,Manila
Jollibee,Jollibee Rock Plaza,"M2GM+33H, Lot 3 Mindanao Ave Ext, Tandang Sora, Quezon City, 1116 Metro Manila, Philippines",14.675567599999999,121.03246299999999,Quezon City
Jollibee,Jollibee Pritil Market,"1829-1837 Nicolas Zamora St, cor Herbosa St, Tondo, Manila, 1012 Metro Manila, Philippines",14.6171635,120.97030199999998,Manila
Jollibee,Jollibee PGH Taft,"799 Pedro Gil St, Ermita, Manila, 1007 Metro Manila, Philippines",14.576267699999997,120.98848029999999,Manila
Jollibee,Jollibee SM San Lazaro,"UPPER GROUND SM CITY SAN LAZARO F. HUERTAS ROAD, EXTENSION, CORNER Lacson Ave, Barangay 350, Santa Cruz, City, 1008 Metro Manila, Philippines",14.617432899999999,120.9862019,Manila
Jollibee,Jollibee - V. Luna Kalayaan,"V. Luna, cor Kalayaan Ave, Diliman, Quezon City, Metro Manila, Philippines",14.635934799999998,121.0548159,Quezon City
Jollibee,Jollibee,"509 G/F, Merchant Center Building, Padre Faura St, Ermita, Manila, 1000 Metro Manila, Philippines",14.577694300000001,120.9814629,Manila
Jollibee,Jollibee Pinagtipunan Circle Potrero,"3 Pinagtipunan Cir, Potrero, Malabon, 1475 Metro Manila, Philippines",14.6637299,120.983994,Malabon
Jollibee,Jollibee Manila City Plaza,"3F Manila City Plaza, Plaza Miranda, Quiapo, Manila, Quiapo, Manila, 1001 Metro Manila, Philippines",14.5987489,120.98362599999999,Manila
Jollibee,Jollibee,"1819 Recto Ave, Sampaloc, Manila, 1008 Metro Manila, Philippines",14.6030367,120.98562349999999,Manila
Jollibee,Jollibee Philippine Heart Center,"Philippine Heart Center Bldg, East Avenue, cor Matalino St, Diliman, Quezon City, Metro Manila, Philippines",14.644468999999999,121.04801639999998,Quezon City
Jollibee,Jollibee Taft Quirino,"San Andres Corner, HXCR+2QQ, Taft Ave, Malate, Manila, 1017 Metro Manila, Philippines",14.5700928,120.9919851,Manila
Jollibee,Jollibee Talipapa - Novaliches,"Savemore Drug, 482 Quirino Hwy, Quezon City, Metro Manila, Philippines",14.686300199999998,121.02445390000001,Quezon City
Jollibee,Jollibee - Visayas Tandang Sora,"248 Visayas Ave, Quezon City, 1107 Metro Manila, Philippines",14.675778300000001,121.0438895,Quezon City
Jollibee,Jollibee West Zamora Pandacan,"1890 W Zamora St, Pandacan, Manila, 1011 Metro Manila, Philippines",14.585494599999999,121.0010396,Manila
Jollibee,Jollibee Araneta Square Mall,"Along Monumento Cicle, Rizal Ave. Ext, Samson Rd, Caloocan, Metro Manila, Philippines",14.6567385,120.98357800000001,Caloocan
Jollibee,Jollibee Taft Ave Malate,"2284 Taft Ave, Malate, Manila, 1004 Metro Manila, Philippines",14.567169699999999,120.99327960000001,Manila
Jollibee,Jollibee,"unit E University Tower, # 728 Pedro Gil cor. Dr. Vasquez st. Malate Manila Manila City, Malate, Manila, 1004 Metro Manila, Philippines",14.5751767,120.9865262,Manila
Jollibee,Jollibee Wellhouse Bldg J Luna- R Regente,"WELLHOUSE bldg J. LUNA STREET CORNER R. REGENTE STREET, Manila Manila City, Binondo, Manila, 1006 Metro Manila, Philippines",14.601046199999999,120.9732566,Manila
Jollibee,Jollibee Sto Cristo,"CM Recto / Sto. Cristo Streets, 481 Recto Ave, Tondo, Manila, Metro Manila, Philippines",14.603756499999998,120.96819330000001,Manila
Jollibee,Jollibee G. Tuazon - E. Quintos,"301 G. Tuazon, sts., Balic-balic, cor E. Queintos, Sampaloc, Manila, 1015 Metro Manila, Philippines",14.6069761,121.0029332,Manila
Jollibee,Jollibee,"69 Makati Ave, Makati City, 1200 Metro Manila, Philippines",14.5624332,121.02811209999999,Makati
Jollibee,Jollibee - Farmers Market,"Spc 15 Farmers Market Annex, Farmers Market Araneta Center Cubao QC, Cubao, Quezon City, Metro Manila, Philippines",14.619460899999998,121.0528474,Quezon City
Jollibee,Jollibee,"Time Square Food court, Chinese General Hospital, Blumentritt St, Santa Cruz, Manila City, Metro Manila, Philippines",14.6257262,120.9874298,Manila
Jollibee,Jollibee Juan Luna Pampanga,"2130 Juan Luna St, Tondo, Manila, 1013 Metro Manila, Philippines",14.628737,120.974046,Manila
Jollibee,Jollibee,"135 West Ave, Project 7, Quezon City, Metro Manila, Philippines",14.654540599999999,121.0295043,Quezon City
Jollibee,Jollibee West Avenue - Quezon City NCR,"106 West Avenue, cor W Lawin, St, Quezon City, Metro Manila, Philippines",14.648657799999999,121.02873859999998,Quezon City
Jollibee,Jollibee Centris Mall,"GF-22 and SF-8 Eton Centris Edsa, corner Quezon Ave, Diliman, Quezon City, Metro Manila, Philippines",14.6430077,121.0389458,Quezon City
Jollibee,Jollibee Axiaa,"131 West Ave, Project 7, Quezon City, Metro Manila, Philippines",14.654686199999999,121.02963919999999,Quezon City
Jollibee,Jollibee,"301 Katipunan Ave, Loyola Heights, Quezon City, Metro Manila, Philippines",14.637350399999999,121.0741099,Quezon City
Jollibee,Jollibee,"1 Tandang Sora Ave, Road, Quezon City, Metro Manila, Philippines",14.6645615,121.0677035,Quezon City
Jollibee,Jollibee SM North EDSA,"GF C 106-108, SM City North EDSA, Misamis St, Quezon City, Metro Manila, Philippines",14.656379500000002,121.029754,Quezon City
Jollibee,Jollibee NBS,"NBS Commercial Complex, Quezon Avenue, cor Scout Borromeo St, Diliman, Quezon City, Metro Manila, Philippines",14.6396049,121.03067659999999,Quezon City
Jollibee,Jollibee - SM Congressional,"70 Congressional Ave, Project 8, Quezon City, Metro Manila, Philippines",14.6711833,121.03879210000001,Quezon City
Jollibee,Jollibee,"315 Epifanio de los Santos Ave, Project 7, Quezon City, 1105 Metro Manila, Philippines",14.6571292,121.0208454,Quezon City
Jollibee,Jollibee,"Shell Gas Station Commonwealth Ave. cor. Feria st. Commonwealth, Quezon City, Metro Manila, Philippines",14.671422100000001,121.07921789999999,Quezon City
Jollibee,Jollibee,"M333+GHQ, R-7, Diliman, Quezon City, 1101 Metro Manila, Philippines",14.653835100000002,121.0539843,Quezon City
Jollibee,Jollibee Don Antonio,"19-c Holy Spirit Drive Corner Don Faustino Drive, Quezon City, 1127 Metro Manila, Philippines",14.683529,121.077709,Quezon City
Jollibee,Jollibee Mindanao Ave,"cornerMindanao Extension, Commonwealth Ave, Quezon City, Metro Manila, Philippines",14.7217646,121.0522609,Quezon City
Jollibee,Jollibee - Phoenix Congressional,"Congressional Avenue Extension, cor Visayas Ave, Quezon City, Metro Manila, Philippines",14.672004599999998,121.04478300000001,Quezon City
Jollibee,Jollibee Puregold Commonwealth,"Puregold Commonwealth, Commonwealth Ave, Matandang Balara, Quezon City, 1119 Metro Manila, Philippines",14.666419000000001,121.07098380000001,Quezon City
Jollibee,Jollibee - P. Tuazon- 13th Ave Cubao,"232 P. Tuazon, cor 13th Ave, Cubao, Quezon City, Metro Manila, Philippines",14.6192896,121.05792409999998,Quezon City
Jollibee,Jollibee - Anonas,"#961 J & F Divino Bldg, Aurora Blvd, Project 3, Quezon City, Metro Manila, Philippines",14.628076400000001,121.0636294,Quezon City
Jollibee,Jollibee,"Fishermall, Quezon Avenue, corner Fernando Poe Jr. Ave, Quezon City, Metro Manila, Philippines",14.633272999999999,121.01853039999999,Quezon City
Jollibee,Jollibee,"#139 B Anonas, cor Kamias Rd, Diliman, Quezon City, Metro Manila, Philippines",14.6346523,121.05859399999999,Quezon City
Jollibee,Jollibee EDSA ARAYAT,"#40 Raylor Bldg Edsa cor, P. A. Bernardo, Cubao, Quezon City, Metro Manila, Philippines",14.619376099999998,121.05060490000001,Quezon City
Jollibee,Jollibee Quirino Highway Sta Monica,"983 Quirino Hwy, Town Proper, Quezon City, 1123 Metro Manila, Philippines",14.725952699999999,121.04140579999999,Quezon City
Jollibee,Jollibee Commonwealth,"Commonwealth Avenue, corner Hon. B. Soliven, Quezon City, Metro Manila, Philippines",14.7017491,121.0868068,Quezon City
Jollibee,Jollibee Don Ernesto Commonwealth,"Don Enrique Heights, Commonwealth Ave, Quezon City, 1127 Metro Manila, Philippines",14.6831968,121.0848391,Quezon City
Jollibee,Jollibee - Dahlia Fairview,"Dahlia Avenue Cor. Regalado Avenue West Fairview, Brgy. Fairview Park, Quezon City, Metro Manila, Philippines",14.7001438,121.06753080000001,Quezon City
Jollibee,Jollibee Atherton,"P357+C6Q, North Fairview, Quezon City, Metro Manila, Philippines",14.708581599999997,121.06311120000001,Quezon City
Jollibee,Jollibee East Avenue,"#18 PMHA Bldg corner V. Luna Rd, Bgy Pinyahan, Diliman, Quezon City, Metro Manila, Philippines",14.637746900000002,121.0463738,Quezon City
Jollibee,Jollibee Crissant CML,"Cresdec Building Lot 9 Block 9, Commonwealth Ave, Batasan Hills, Quezon City, Metro Manila, Philippines",14.6831031,121.08594719999999,Quezon City
Jollibee,Jollibee,"Along corner, Kingspoint Bagbag Ave, Quirino Hwy, Novaliches, Quezon City, Metro Manila, Philippines",14.6929969,121.02960410000001,Quezon City
Jollibee,Jollibee Novaliches San Bartolome,"#772 Quirino Hwy, Novaliches, Quezon City, Metro Manila, Philippines",14.7076889,121.0391229,Quezon City
Jollibee,Jollibee Metrolane Complex,"102 Metrolane Complex 20th Avenue corner, P. Tuazon Blvd, Cubao, Quezon City, Metro Manila, Philippines",14.621154500000001,121.0634868,Quezon City
Jollibee,Jollibee,"298 Col. Bonny Serrano Ave, Quezon City, Metro Manila, Philippines",14.608951999999999,121.04807189999998,Quezon City
Jollibee,Jollibee,"Regalado Hwy, Novaliches, Quezon City, Metro Manila, Philippines",14.7351891,121.06147120000001,Quezon City
Jollibee,Jollibee,"G. de Jesus, corner Epifanio de los Santos Ave, Bagong Barrio West, Caloocan, Metro Manila, Philippines",14.6576793,120.9978914,Caloocan
Jollibee,Jollibee,"MCU EDSA N, Loreto, Morning Breeze Subdivision, Caloocan, Metro Manila, Philippines",14.657486400000002,120.98803909999998,Caloocan
Jollibee,Jollibee,"Mabini, cor 10th Ave, Poblacion, Caloocan, Metro Manila, Philippines",14.6506852,120.97286369999999,Caloocan
Jollibee,Jollibee Deparo Road Caloocan Drive-Thru,"zone 15, Deparo Rd, Barangay 168, Caloocan, 1428 Metro Manila, Philippines",14.741128699999997,121.02306420000001,Caloocan
Jollibee,Jollibee Llano Road North Caloocan,"P2J9+5CP, Beside Chichanokboy Lugawan & Mapula's Barber Shop LLANO ROAD CROSSING Near Teofilo Samson Avenue & Near Alfamart Barangay 167, Caloocan, North, Caloocan, Metro Manila, Philippines",14.730491099999998,121.01856939999999,Caloocan
Jollibee,Jollibee Caybiga,"P296+R2P, Barangay 166, Caloocan, Metro Manila, Philippines",14.7195757,121.0100762,Caloocan
Jollibee,Jollibee BSB Cml Bldg Sangandaan,"BSB Commercial Building, General San Miguel St, Sangandaan, Caloocan, 1408 Metro Manila, Philippines",14.657782399999997,120.97180979999999,Caloocan
Jollibee,Jollibee - Vicas Camarin,"P2XP+5HW, 173, Caloocan, Metro Manila, Philippines",14.7478797,121.03653290000001,Caloocan
Jollibee,Jollibee - Zabarte,"175, 1400 13-15, 175, Barangay, Lot 3, Zone 15, Block 13-15, DISTRICT 1 Camarin Rd, Caloocan, 1400 Metro Manila, Philippines",14.757821600000002,121.0438258,Caloocan
Jollibee,Jollibee Gracepark,"Super 8 Caloocan G/F, 558, near the package counter, Super 8 Grocery, 564 Rizal Ave Ext, Grace Park East, Caloocan, Metro Manila, Philippines",14.6541723,120.98418160000001,Caloocan
Jollibee,Jollibee Bagumbong Drive Thru,"Q228+XVQ, Bagumbong Rd, Barangay 171, Caloocan, Metro Manila, Philippines",14.7524088,121.0169906,Caloocan
Jollibee,Jollibee - Gen. T. De Leon,"4729 Gen. T. de Leon, Valenzuela, 1442 Metro Manila, Philippines",14.686365199999997,120.99496889999999,Valenzuela
Jollibee,Jollibee,"Q356+22G, 1422 Camarin Rd, Barangay 178, Caloocan, Metro Manila, Philippines",14.756278699999998,121.0599469,Caloocan
Jollibee,Jollibee,"Metro Plaza Bldg, Phase 5, Langit Rd, Caloocan, Metro Manila, Philippines",14.773205299999999,121.0540664,Caloocan
Jollibee,Jollibee PUREGOLD MAYPAJO,"PUREGOLD MAYPAJO LEVEL 1, J.P Rizal St, Maypajo, Caloocan, Metro Manila, Philippines",14.6376731,120.97449299999998,Caloocan
Jollibee,"Jollibee - Marulas, Valenzuela","Along McArthur Hi-way, cor Pio Valenzuela, Valenzuela, Metro Manila, Philippines",14.6735501,120.9819999,Valenzuela
Jollibee,Jollibee Puregold Deparo,"Puregold Deparo Level 1 Deparo Road, Corner Rd Lot 1, Caloocan, 1428 Metro Manila, Philippines",14.7411647,121.0236623,Caloocan
Jollibee,Jollibee,"Upper G/F, Metroplaza Mall, 132D General Luis, Novaliches Proper, Quezon City, 1123 Metro Manila, Philippines",14.721736000000002,121.0370971,Quezon City
Jollibee,Jollibee Malabon C4,"Block 47, Lot 15 C-4, BRGY. LONGOS, Malabon, 1470 Metro Manila, Philippines",14.656342799999997,120.959481,Malabon
Jollibee,Jollibee Victory Central mall,"Unit # G 04 - 05 Ground Floor, Victory Central Mall, Caloocan, Metro Manila, Philippines",14.6556097,120.98319479999999,Caloocan
Jollibee,Jollibee Benin,"335 Benin St. corner EDSA, Grace Park East, Caloocan, 1400 Metro Manila, Philippines",14.656858999999999,120.985312,Caloocan
Jollibee,Jollibee SM City Caloocan,"623 Bagumbong Rd, Barangay 171, Caloocan, 1421 Metro Manila, Philippines",14.7512591,121.0190744,Caloocan
Jollibee,Jollibee,"3545 San Isidro Area D Camarin, Caloocan City, Caloocan, Metro Manila, Philippines",14.756348700000002,121.0609449,Caloocan
Jollibee,JOLLIBEE QUIRINO HIGHWAY GULOD,"Quirino Hwy, NOVALICHES, GULOD, Metro Manila, Philippines",14.7156162,121.04018090000001,Quezon City
Jollibee,Jollibee - Nova Square Mall,"GF Nova Square, cor. Pablo dela Cruz St, 671 Quirino Hwy, Novaliches, Quezon City, 1123 Metro Manila, Philippines",14.701287299999999,121.03504849999997,Quezon City
Jollibee,Jollibee Zabarte Town Center,"Zabarte Town Center, 588 Camarin Rd, Almar, Caloocan, 1428 Metro Manila, Philippines",14.756232,121.04351199999999,Caloocan
Jollibee,Jollibee,"Langit Rd, Caloocan, Metro Manila, Philippines",14.7767784,121.04651980000001,Caloocan
Jollibee,Jollibee,"Edsa Cor Evangelista Bangkal, Makati City, Metro Manila, Philippines",14.539293200000001,121.01211330000001,Makati
Jollibee,Jollibee AP Reyes- Evangelista PRC,"1058 AP Reyes st, cor. Evangelista St. Brgy. Tejeros Makati, Makati City, Metro Manila, Philippines",14.5720801,121.01556210000001,Makati
Jollibee,Jollibee,"G/F, STI HOLDINGS BLDG, 6764 Ayala Ave, Makati City, 1229 Metro Manila, Philippines",14.555981499999998,121.0215942,Makati
Jollibee,Jollibee Reposo,"746 J. P. Rizal St, Makati City, Metro Manila, Philippines",14.5696975,121.02480079999998,Makati
Jollibee,Jollibee,"Tan Hock Bldg. Edsa, Cor P.Burgos, Guadalupe Nuevo, Makati City, Metro Manila, Philippines",14.5653579,121.04546040000001,Makati
Jollibee,Jollibee,"GF Convergys Bldg., Salcedo St., cor, Ayala Ave, Makati City, Metro Manila, Philippines",14.559426299999998,121.01611399999999,Makati
Jollibee,Jollibee Buendia Bautista,"25 Sen. Gil Puyat ave, corner Bautista St, Makati City, Metro Manila, Philippines",14.5556526,121.0019361,Makati
Jollibee,Jollibee,"Kalayaan Ave, Capas, Makati, Kalakhang Maynila, Philippines",14.558765999999997,121.0466281,Makati
Jollibee,Jollibee Caltex - Arnaiz Ave - Osmeña Hwy,"Pio Del Pilar, Makati City, Metro Manila, Philippines",14.551031199999999,121.0105226,Makati
Jollibee,Jollibee,"G/F Exportbank Plaza, Gil Puyat, cor Chino Roces Ave, Makati City, Metro Manila, Philippines",14.5593891,121.01155889999998,Makati
Jollibee,Jollibee McKinley Exchange Corporate Center,"Ground Floor, McKinley Rd, Makati City, Metro Manila, Philippines",14.5495988,121.02915329999998,Makati
Jollibee,Jollibee Rufino Plaza,"6784 Ground Flr, Rufino Tower, Makati City, Metro Manila, Philippines",14.557897799999997,121.0183994,Makati
Jollibee,Jollibee,"Level 1, Puregold Makati, Lot 35 J. P. Rizal St, st, Makati City, Metro Manila, Philippines",14.5744277,121.0119122,Makati
Jollibee,Jollibee Shell EDSA- Buendia,"Shell Station EDSA corner Buendia Brgy, Makati City, Metro Manila, Philippines",14.555612,121.03510729999999,Makati
Jollibee,Jollibee CITYLAND 10 Tower 2,"L/G, Cityland 10 Tower 2, 154 H.V. Dela Costa, Makati City, Metro Manila, Philippines",14.560728300000001,121.0175756,Makati
Jollibee,JOLLIBEE AYALA MRT,"UNIT 09-15, AYALA MRT STATION, SAN LORENZO makati Metro Manila PH, Makati City, 1223 Metro Manila, Philippines",14.550639899999998,121.0287888,Makati
Jollibee,Jollibee Cash & Carry,"G/F C & C Mall, Filmore St, Makati City, Metro Manila, Philippines",14.5587397,121.00557510000002,Makati
Jollibee,Jollibee Southgate Mall,"G10 & 12 GF Alphaland Southgate Mall, 2258 EDSA cor, Chino Roces Ave, Makati City, Metro Manila, Philippines",14.5410497,121.0187285,Makati
Jollibee,Jollibee Makati Central Square,"120 Amorsolo Street, Legazpi Village, Makati, 1200 Kalakhang Maynila, Philippines",14.552251499999999,121.01436509999998,Makati
Jollibee,Jollibee - One Ayala,"G2XH+J36, San Lorenzo, Makati City, Metro Manila, Philippines",14.549044100000001,121.02765039999998,Makati
Jollibee,Jollibee Comembo,"Unit 1C Level 1 Comembo Commer Comembo, Comavena Market, Sampaguita St, Taguig, 1217 Metro Manila, Philippines",14.548421099999999,121.0632205,Taguig
Jollibee,Jollibee Buendia- Taft Pasay,"Buendia Avenue, Cor Taft Ave, Pasay City, Metro Manila, Philippines",14.5539031,120.9976298,Pasay
Jollibee,Jollibee,"Maysilo Cir, Boni Ave, Mandaluyong City, Metro Manila, Philippines",14.5768275,121.03502689999999,Mandaluyong
Jollibee,Jollibee Bonifacio Global City,"Along 32nd St cor, Bonifacio Stopover, Rizal Dr, Taguig, Metro Manila, Philippines",14.554663000000001,121.0464055,Taguig
Jollibee,Jollibee,"Level 1 Ayala Circuit Mall AP Reyes Street, Makati City, Metro Manila, Philippines",14.5742403,121.0195741,Makati
Jollibee,Jollibee Mandaluyong,"185 Rt. Rev. G. Aglipay, St. Poblacion, Mandaluyong City, Metro Manila, Philippines",14.587868099999998,121.02482200000001,Mandaluyong
Jollibee,Jollibee The Landmark Makati,"Upper Basement, Landmark, Makati Ave, Makati City, Metro Manila, Philippines",14.5517977,121.0238126,Makati
Jollibee,Jollibee | WalterMart Makati,"790 Chico Rocess Cor, corner Antonio Arnaiz Ave, Makati City, Metro Manila, Philippines",14.551371,121.01315829999999,Makati
Jollibee,"Jollibee - Bayani Road, Taguig City","30, Blk 60 Bayani Rd, Fort Bonifacio, Taguig, 1630 Metro Manila, Philippines",14.526281699999998,121.04267430000002,Taguig
Jollibee,Jollibee Powerplant Mall,"P1 Level, The Powerplant Mall, Rockwell Center, Makati City, Metro Manila, Philippines",14.565253599999998,121.0363429,Makati
Jollibee,Jollibee - Pasig Market,"FG Bldg. Market Ave, corner Caruncho Ave, Pasig, Metro Manila, Philippines",14.558041500000002,121.0828406,Pasig
Jollibee,Jollibee,"corner Dr. Sixto Antonio Ave., Pasig, 1600 Metro Manila, Philippines",14.565815399999998,121.07591459999999,Pasig
Jollibee,Jollibee,"Ortigas Extension, corner Eulogio Amang Rodriguez Ave, Pasig, 1609 Metro Manila, Philippines",14.5909655,121.08579540000001,Pasig
Jollibee,Jollibee Ortigas Extension C. Raymundo,"ORTIGAS AVENUE, EXTENSION, CORNER C. Raymundo Ave, ROSARIO, 1609 Metro Manila, Philippines",14.590000799999997,121.0886883,Pasig
Jollibee,Jollibee,"16 Ortigas Ave, Pasig, 1608 Metro Manila, Philippines",14.589339499999998,121.09751289999998,Pasig
Jollibee,Jollibee,"Amang Rodriguez, cor Marikina-Infanta Hwy, Pasig, 1800 Metro Manila, Philippines",14.6183122,121.0927231,Pasig
Jollibee,Jollibee Hanston Square,"San Miguel Ave, Ortigas Center, Pasig, Metro Manila, Philippines",14.5792874,121.05846760000001,Pasig
Jollibee,Jollibee,"One Mercedes Plaza, Mercedes Ave, corner Market Ave, Pasig, Metro Manila, Philippines",14.567913500000001,121.08570359999999,Pasig
Jollibee,Jollibee AD Center Amang,"A. Rodriguez Street, corner Evangelista St, Pasig, Metro Manila, Philippines",14.609695100000001,121.09185919999999,Pasig
Jollibee,Jollibee,"Meralco Ave, Ortigas Center, Pasig, Metro Manila, Philippines",14.5877141,121.06355280000001,Pasig
Jollibee,Jollibee San Joaquin,"M. Concepcion Avenue, corner R. Jabson Street, Pasig, Metro Manila, Philippines",14.551600299999999,121.07411060000001,Pasig
Jollibee,Jollibee,"9544 C. Raymundo Ave, Caniogan, Pasig, 1606 Metro Manila, Philippines",14.570701699999999,121.0819559,Pasig
Jollibee,Jollibee Pioneer Centre,"108 Pioneer Centre Pioneer St, cor United St, Kapitolyo, Pasig, Metro Manila, Philippines",14.574345,121.0580028,Pasig
Jollibee,Jollibee Caruncho Ave- M.H. del Pilar,"Carruncho Ave, Plaza Rizal, corner M.H. del Pilar St, Pasig, 1600 Metro Manila, Philippines",14.560861,121.07740289999998,Pasig
Jollibee,Jollibee Caruncho San Nicolas,"H36M+422, Caruncho Ave, Pasig, Metro Manila, Philippines",14.560261299999999,121.0825222,Pasig
Jollibee,Jollibee Karangalan,"K Center Building, Imelda Avenue, Kaginhawaan St., Karangalan Village, Blk 27, PH2, Lot 5, B1 Kaginhawaan, Pasig, 1800 Metro Manila, Philippines",14.604917499999999,121.10495529999999,Pasig
Jollibee,Jollibee,"Green Meadows Ave, Ugong Norte, Quezon City, Metro Manila, Philippines",14.6016947,121.07887500000001,Quezon City
Jollibee,Jollibee Rockwell Business Center Tower 3,"Rockwell Business Center, Meralco Ave, Ortigas Center, Pasig, Metro Manila, Philippines",14.5894167,121.0682275,Pasig
Jollibee,Jollibee Tycoon Center,"Tycoon Centre, Pearl Dr, Ortigas Center, Pasig, Metro Manila, Philippines",14.5816327,121.0609945,Pasig
Jollibee,Jollibee Pinagbuhatan - Palmdale SANDOVAL AVE,"3 Sandoval Ave, Pasig, Metro Manila, Philippines",14.550583600000001,121.1008891,Pasig
Jollibee,Jollibee Metropoli,"Along E.Rodriguez Jr. Avenue, Metropoli Residenza Subdivision, C5 Metropoli Dr, Ugong Norte, Quezon City, 1110 Metro Manila, Philippines",14.601744900000002,121.07975049999999,Quezon City
Jollibee,Jollibee at Unimart Capitol Commons,"H3F6+RPP, Pasig, Metro Manila, Philippines",14.574576299999999,121.0618423,Pasig
Jollibee,Jollibee Plaza,"Jollibee Plaza, 12 F. Ortigas Jr. Rd, San Antonio, Ortigas Center, Pasig, 1605 Metro Manila, Philippines",14.587892499999999,121.0619055,Pasig
Jollibee,Jollibee Pioneer- Sheridan,"Sheridan, Mandaluyong City, Metro Manila, Philippines",14.571314899999999,121.05209190000001,Mandaluyong
Jollibee,Jollibee - Robinsons Metro East,"UG, Robinsons Metro East, Pasig, 1600 Metro Manila, Philippines",14.619831999999997,121.1001207,Pasig
Jollibee,Jollibee Pateros,"P. Herrera, corner B. Morcilla St, Pateros, 1620 Metro Manila, Philippines",14.545250300000001,121.06582490000001,Pateros
Jollibee,Jollibee,"Jollibee 39th Street Corner, Triangle Dr, Taguig, Metro Manila, Philippines",14.5588062,121.05758999999999,Taguig
Jollibee,Jollibee,"Tiange sa EDSA, Barangay Building corner D. M Domingo M. Guevara, Mandaluyong City, Metro Manila, Philippines",14.578768199999999,121.05146739999999,Mandaluyong
Jollibee,Jollibee Boni Avenue - Halcon,"Cor Boni Ave, Halcon, St, Mandaluyong City, Kalakhang Maynila, Philippines",14.575513800000001,121.0418521,Mandaluyong
Jollibee,Jollibee SM East Ortigas,"Ortigas Ave Ext, Santa Lucia, Pasig, 1608 Metro Manila, Philippines",14.5868889,121.1045645,Pasig
Jollibee,Jollibee - Robinsons Lucky Gold Lifehomes,"Pres. Quezon, Pasig, 1609 Metro Manila, Philippines",14.590350500000001,121.0950662,Pasig
Jollibee,Jollibee Shaw Blvd. Wack Wack,"545 Shaw Blvd, Mandaluyong City, 1552 Metro Manila, Philippines",14.586234500000002,121.0479294,Mandaluyong
Jollibee,Jollibee Plaza,"H3Q6+4G8, F. Ortigas Jr. Rd, Ortigas Center, Pasig, Metro Manila, Philippines",14.587777400000002,121.061324,Pasig
Jollibee,Jollibee Tower,"Jollibee Tower, 12 F. Ortigas Jr. Rd, San Antonio, Ortigas Center, Pasig, 1605 Metro Manila, Philippines",14.587891800000001,121.0619501,Pasig
Jollibee,Manong Pepe's Jollibee Plaza Branch,"4th Floor, Don Francisco, Jollibee Plaza, F. Ortigas Jr. Rd, Ortigas Center, Pasig, Metro Manila, Philippines",14.5878498,121.06155100000001,Pasig
Jollibee,Jollibee,"Annapolis, cor Missouri, San Juan City, Metro Manila, Philippines",14.6038628,121.05225519999998,San Juan
Jollibee,Jollibee - Market Market,"City, Taguig, Metro Manila, Philippines",14.5491732,121.05607260000001,Taguig
Jollibee,Jollibee W City Center,"Lower Ground, 30th St, Taguig, Metro Manila, Philippines",14.552494999999997,121.0496215,Taguig
Jollibee,Jollibee Centre,"Jollibee Center, San Miguel Avenue, Ortigas Center, H3H5+M8H, San Antonio, Ortigas Center, Pasig, 1605 Metro Manila, Philippines",14.579194200000002,121.0583506,Pasig
Jollibee,Jollibee,"H3J3+CR6, Epifanio de los Santos Ave, Ortigas Center, Mandaluyong City, Metro Manila, Philippines",14.5810259,121.0545171,Mandaluyong
Jollibee,Jollibee Foods Corporation,"10/F, Jollibee Plaza, 10 F. Ortigas Jr. Rd, San Antonio, Ortigas Center, Pasig, 1604 Metro Manila, Philippines",14.5877565,121.06137249999999,Pasig
Jollibee,Jollibee Wilson,"Salva Building, 210 Wilson, San Juan City, 1500 Metro Manila, Philippines",14.597286800000001,121.03942239999999,San Juan
Jollibee,Jollibee,"G/F Bldg. B SM Megamall Complex EDSA, Ortigas Center, Mandaluyong City, Metro Manila, Philippines",14.583710700000001,121.05674589999998,Mandaluyong
Jollibee,Jollibee Ejercito Ave C6,"C6 Rd, Lot 3 & 4 Ejercito Ave, San Juan, Taytay, 1920 Rizal, Philippines",14.543478200000001,121.11582299999999,San Juan
Jollibee,Jollibee,"Manuela Complex EDSA, cor Shaw Blvd, Mandaluyong City, Metro Manila, Philippines",14.582278299999999,121.05399089999999,Mandaluyong
Jollibee,Jollibee Signal Village,"140 Zone, 6 Ballecer, Central Signal Village (Signal Village), Taguig, 1633 Metro Manila, Philippines",14.504737999999998,121.0530166,Taguig
Jollibee,Jollibee Petron C5 Diego Silang,"Petron C5 (northbound) corner, Diego Silang, Ususan, Taguig, Kalakhang Maynila, Philippines",14.528919499999999,121.05757349999999,Taguig
Jollibee,Jollibee,"CP, Carlos P. Garcia Ave, Taguig, 1630 Metro Manila, Philippines",14.516531299999999,121.0427208,Taguig
Jollibee,Jollibee General Santos Ave,"Level 1, F3Q6+4VG, General Santos Ave, Lower Bicutan, Taguig, 1632 Metro Manila, Philippines",14.48874,121.0605805,Taguig
Jollibee,Jollibee,"32 Gen. Luna St, Tuktukan, Taguig, 1637 Metro Manila, Philippines",14.528961400000002,121.07057150000001,Taguig
Jollibee,"Jollibee MLQuezon St, New Lower Bicutan (JB Hagonoy)","14 Pres M. L. Quezon Ave, Taguig, 1632 Metro Manila, Philippines",14.507805599999998,121.0662351,Taguig
Jollibee,Jollibee WATERFUN,"249 Maria Rodriguez Tiñga Ave, Taguig, 1630 Metro Manila, Philippines",14.514913100000001,121.05205509999999,Taguig
Jollibee,Jollibee Gate 3 Plaza +Lawton- C.Roces,"Lawton Street, corner Chino Roces Ave Ext, Taguig, 1630 Metro Manila, Philippines",14.525542199999999,121.027475,Taguig
Jollibee,Jollibee A. Bonifacio MMTG JB Upper Bicutan,"F3X2+738, Upper Bicutan, Taguig, Metro Manila, Philippines",14.498172400000001,121.05019060000001,Taguig
Jollibee,Jollibee - C5 Pembo,"G3R4+F7Q, C-5, Taguig, Metro Manila, Philippines",14.5411693,121.0555389,Taguig
Jollibee,Jollibee Vista Mall Taguig,"Level 1, Vista Mall Taguig, General Luna St, corner Levi B. Mariano Ave, Taguig, Metro Manila, Philippines",14.5302663,121.07478759999998,Taguig
Jollibee,Jollibee - Venice Grand Canal Mall,"Upper McKinley Hl, Taguig, Metro Manila, Philippines",14.533973699999997,121.0506476,Taguig
Jollibee,Jollibee Walter Mart Bicutan,"Walter Mart Bicutan, Parañaque, Metro Manila, Philippines",14.481276600000001,121.04550569999999,Parañaque
Jollibee,Jollibee Better Living,"79 dona soledad ave, corner Finland, betterliving subd, Parañaque, 1709 Metro Manila, Philippines",14.483047299999999,121.03567869999999,Parañaque
Jollibee,Jollibee EDSA Philtranco DriveThru,"Apelo Cruz, cor Edang St, Brgy 151, Pasay City, Metro Manila, Philippines",14.5377941,121.0048295,Pasay
Jollibee,Jollibee,"Partas Pasay, Aurora Blvd, cor Edang St, St, Pasay City, Metro Manila, Philippines",14.534326400000001,121.00366269999999,Pasay
Jollibee,Jollibee,"Ninoy Aquino International Airport, Terminal 2, Building Ninoy Aquino Ave, Complex, Pasay City, 1300 Metro Manila, Philippines",14.510437299999998,121.01266150000001,Pasay
Jollibee,Jollibee (SM Aura),"GF SM Aura Premier, 26th St, cor McKinley Pkwy, Taguig, Metro Manila, Philippines",14.545854299999997,121.05399910000001,Taguig
Jollibee,Jollibee,"Level 3, Terminal 1, Parañaque, Metro Manila, Philippines",14.5067347,121.00476979999999,Parañaque
Jollibee,Jollibee - Roxas Blvd,"Roxas Blvd, corner NAIA Rd, Parañaque, Metro Manila, Philippines",14.517988299999999,120.9937285,Parañaque
Jollibee,Jollibee Quirino Medina,"Quirino Avenue, corner Victor Medina, Parañaque, 1709 Metro Manila, Philippines",14.4918727,120.98798590000001,Parañaque
Jollibee,Jollibee,"Bgy, Dr Arcadio Santos Ave, San Isidro, Parañaque, 1700 Metro Manila, Philippines",14.4652833,121.01808619999998,Parañaque
Jollibee,Jollibee Unioil,"Benz Oil, along NAIA Rd, Paranaque, Parañaque, 1705 Metro Manila, Philippines",14.5002688,120.996805,Parañaque
Jollibee,Jollibee OLIVAREZ San Dionisio,"Lot 1-A, 4-A, Aurenina Compd, Dr Arcadio Santos Ave, Parañaque, 1700 Metro Manila, Philippines",14.4795553,120.9974606,Parañaque
Jollibee,Jollibee,"Roligon Compound, 505 Quirino Ave, Tambo, Parañaque, 1702 Metro Manila, Philippines",14.523406000000001,120.99712,Parañaque
Jollibee,Jollibee Dr A Santos- Soreena,"7202 Soreena Street, corner Dr Arcadio Santos Ave, Parañaque, 1700 Metro Manila, Philippines",14.456640400000001,121.0361154,Parañaque
Jollibee,Jollibee San Antonio Ave- Sta Lucia st,"San Antonio and Sta. Lucia, Sts, 143 San Antonio Ave, Parañaque, 1700 Metro Manila, Philippines",14.470154399999998,121.0218091,Parañaque
Jollibee,Jollibee Zapote,"Quirino Ave, cor Alabang–Zapote Rd, Las Piñas, Metro Manila, Philippines",14.465365799999999,120.96726260000001,Las Piñas
Jollibee,Jollibee Liana's Parañaque,"Liana's Shopping Center, Dr Arcadio Santos Ave, Parañaque, 1709 Metro Manila, Philippines",14.4751699,121.0008424,Parañaque
Jollibee,Jollibee PITX,"Upper Ground, Pitx, 1 Kennedy Avenue, Tambo, Parañaque, Metro Manila, Philippines",14.508967499999999,120.99103919999999,Parañaque
Jollibee,Jollibee,"Diosdado Macapagal Blvd, Tambo, Parañaque, 1701 Metro Manila, Philippines",14.5231814,120.99095619999999,Parañaque
Jollibee,Jollibee,"Upper GF, SM City Bicutan Building B, Dona Soledad Ave, cor W Service Rd, Parañaque, 1709 Metro Manila, Philippines",14.4868338,121.04389730000001,Parañaque
Jollibee,Jollibee,"3126 Redemptorist Road, Baclaran, Parañaque, 1702 Kalakhang Maynila, Philippines",14.532297000000002,120.99471039999999,Parañaque
Jollibee,Jollibee Aseana,"G/F Aseana One, Brgy, Aseana City, Bldg Bradco Ave, Baclaran, Parañaque, Metro Manila, Philippines",14.529217399999999,120.9916179,Parañaque
Jollibee,Jollibee OKADA Manila,"Upper GF, Crystal Corridor Coral Wing OKADA Manila, New Seaside Dr, Drive, Parañaque, Metro Manila, Philippines",14.5127488,120.9805287,Manila
Jollibee,Jollibee,"Philippines, Metro Manila, Parañaque, Tambo, Ground Flr",14.5225518,120.99016449999998,Parañaque
Jollibee,Jollibee,"24 Diosdado Macapagal Blvd, Pasay City, Metro Manila, Philippines",14.534129100000001,120.9887869,Pasay
Jollibee,Jollibee WalterMart Sucat,"Level 1 Waltermart Sucat, Brgy. San Isidro, Dr Arcadio Santos Ave, Parañaque, 1700 Metro Manila, Philippines",14.471697599999999,121.00750670000001,Parañaque
Jollibee,Jollibee,"3F SM City BF Homes Paranaque, Dr. A. Santos Ave, Corner President's Ave, Parañaque, 1700 Metro Manila, Philippines",14.458302600000001,121.0320122,Parañaque
Jollibee,Jollibee,"Pamplona, Las Piñas, Metro Manila, Philippines",14.4515968,120.9773487,Las Piñas
Jollibee,Jollibee,"26 Alabang–Zapote Rd, Almanza Uno, Las Piñas, 1747 Metro Manila, Philippines",14.432053799999998,121.01369349999999,Las Piñas
Jollibee,Jollibee,"Carlos P. Garcia Ave Villar Sipag CMPD, Pulang Lupa 1, Las Piñas, 1742 Metro Manila, Philippines",14.4738239,120.98088879999999,Las Piñas
Jollibee,Jollibee Zapote Junction Drive Thru,"FX88+4X2 Basa Zapote, Real St, Las Piñas, Metro Manila, Philippines",14.465257,120.96739050000001,Las Piñas
Jollibee,Jollibee Alabang West,"C256+8W7, Almanza Dos, Las Piñas, Metro Manila, Philippines",14.4082782,121.01229900000001,Las Piñas
Jollibee,Jollibee,"FX7Q+7M2, Naga Rd, Las Piñas, Metro Manila, Philippines",14.4628406,120.98920649999998,Las Piñas
Jollibee,Jollibee Talon Uno,"C2Q2+HQV, Las Piñas, 1740 Metro Manila, Philippines",14.439183700000001,121.0018817,Las Piñas
Jollibee,Jollibee,"FXFG+8FJ Shell Station, Diego Cera Ave, Pulang Lupa Dos, Las Piñas, Metro Manila, Philippines",14.473336999999999,120.97612779999999,Las Piñas
Jollibee,Jollibee CAA road,"CAA Rd, Manila, Metro Manila, Philippines",14.4592038,120.9944614,Manila
Jollibee,Jollibee,"Alabang–Zapote Rd, Talon Uno, Las Piñas, 1747 Metro Manila, Philippines",14.4427617,120.99861209999999,Las Piñas
Jollibee,Jollibee Colours Town Center,"Lot 1A Alabang Zapote Road, Corner Marcos Alvarez Ave, Talon Uno, Las Piñas, 1747 Metro Manila, Philippines",14.4366296,121.0068413,Las Piñas
Jollibee,Jollibee Casimiro,"Alabang-Zapote Rd, CXVV+VJF, cor CAA Rd, Las Piñas, 1747 Metro Manila, Philippines",14.444695399999999,120.99405139999999,Las Piñas
Jollibee,Jollibee - SM Center Las Pinas,"Alabang - Zapote Rd. Pamplona, Las Piñas, 1747 Metro Manila, Philippines",14.449328099999997,120.9805838,Las Piñas
Jollibee,Jollibee Commerce,"Commerce Spectrum Ave., Filinvest, Alabang Muntinlupa, Muntinlupa, Metro Manila, Philippines",14.4200474,121.03596130000001,Muntinlupa
Jollibee,Jollibee,"near South Expressway along, Jollibee-Alabang Junction Building, Alabang–Zapote Rd, Alabang, Muntinlupa, 1781 Metro Manila, Philippines",14.418710400000002,121.04385699999999,Muntinlupa
Jollibee,Jollibee - SM Southmall,"Basement level, SM Southmall, Alabang–Zapote Rd, Las Piñas, Metro Manila, Philippines",14.432654000000001,121.010848,Las Piñas
Jollibee,Jollibee Plaza Central,"GF, Plaza, Central Bldg, Katihan Rd, Brgy Poblacion, Muntinlupa, Metro Manila, Philippines",14.389238400000002,121.0445784,Muntinlupa
Jollibee,Jollibee,"Shell, SLEX Southbound, South Luzon Expy, Putatan, Muntinlupa, Metro Manila, Philippines",14.393294500000001,121.03832899999999,Muntinlupa
Jollibee,Jollibee,"Alabang Zapote Rd, Brgy, corner Madrigal Ave, New Alabang Village, Muntinlupa, Metro Manila, Philippines",14.425777199999999,121.0278819,Muntinlupa
Jollibee,Jollibee Waltermart Muntinlupa,"KM 21 W Service Rd, Sucat, Muntinlupa, 1771 Metro Manila, Philippines",14.447918499999998,121.04479469999998,Muntinlupa
Jollibee,Jollibee SM Center Muntinlupa,"GF Atrium Area, SM City Muntinlupa, Muntinlupa, 1781 Metro Manila, Philippines",14.377562099999997,121.0459427,Muntinlupa
Jollibee,Jollibee - Festival Mall (Ground Floor R1),"Festival Supermall Commerce Ave, Alabang, Muntinlupa, 1781 Metro Manila, Philippines",14.4177932,121.04143339999999,Muntinlupa
Jollibee,Jollibee,"Montillano St, Alabang, Muntinlupa, Metro Manila, Philippines",14.418961099999999,121.04750720000001,Muntinlupa
Jollibee,Jollibee Fastbytes,"F@st Bytes, Orient Ln, Muntinlupa, 1781 Metro Manila, Philippines",14.425099999999997,121.03971089999999,Muntinlupa
Jollibee,Jollibee,"Level 1 Ayala Malls South Park, Manila South Road, Alabang, Fourth District, Muntinlupa, Metro Manila, Philippines",14.4121368,121.046717,Manila
Jollibee,Jollibee,"T. Molina, Alabang, Muntinlupa, 1781 Metro Manila, Philippines",14.4170343,121.04761939999999,Muntinlupa
Jollibee,Jollibee MariMariStore,"C2CR+F6V, Alabang, Muntinlupa, Metro Manila, Philippines",14.421235600000001,121.0405615,Muntinlupa
Jollibee,Jollibee Lakefront Sucat,"Lakefront Boardwalk, M.L.Quezon St.Bgy. Sucat, Muntinlupa, Metro Manila, Philippines",14.465270599999998,121.05489530000001,Muntinlupa
Jollibee,Jollibee - Landmark,"Stall 1 Level 1 Food Center Landmark Alabang Building, Filinvest City, Alabang, Muntinlupa, Metro Manila, Philippines",14.416631800000001,121.04293229999999,Muntinlupa
Jollibee,Jollibee - Nangka,"J. P. Rizal Street, M485+R2G, Japan Ave, Marikina, Metro Manila, Philippines",14.6670661,121.10758619999999,Marikina
Jollibee,Jollibee E. Santos- Bayan-Bayanan,"20 Bayan-Bayanan Ave, Concepcion Uno, Marikina, 1807 Metro Manila, Philippines",14.6507882,121.10445699999998,Marikina
Jollibee,Jollibee Riverbanks North Triangle,"J3JM+XFJ, Marikina, 1800 Metro Manila, Philippines",14.6324636,121.0836341,Marikina
Jollibee,Jollibee Gil Fernando- Sumulong,"Gil Fernando, cor Sumulong Hwy, Marikina, 1800 Metro Manila, Philippines",14.6347094,121.10174239999998,Marikina
Jollibee,Jollibee,"Riverbanks Center, 84 A. Bonifacio Ave, Marikina, 1800 Metro Manila, Philippines",14.6317825,121.0828521,Marikina
Jollibee,Jollibee - Parang Marikina,"Gen. B.G. Molina, cor G. Del Pilar St, Marikina, 1800 Metro Manila, Philippines",14.659572700000002,121.1134582,Marikina
Jollibee,Jollibee - Marikina Heights,"Bayan-Bayanan Ave, corner Molave St, Marikina, 1800 Metro Manila, Philippines",14.6509005,121.1121795,Marikina
Jollibee,Jollibee Shoe Ave,"Shoe Ave, Marikina, 1800 Metro Manila, Philippines",14.633368199999998,121.0975219,Marikina
Jollibee,Jollibee SM City Marikina,"Ground Floor SM City Marikina Brgy.Calumpang, Marikina, 1800 Metro Manila, Philippines",14.6266706,121.0842671,Marikina
Jollibee,Jollibee,"Shell Station, Barangay, 381 Marikina-Infanta Hwy, Mayamot, Antipolo, 1800 Rizal, Philippines",14.6216359,121.10834779999999,Marikina
Jollibee,Jollibee Batasan-San Mateo Rd,"Lot 2&3, Block 9, Batasan-San Mateo Rd, Batasan Hills, Quezon City, 1126 Metro Manila, Philippines",14.6845933,121.10463109999999,Quezon City
Jollibee,Jollibee,"Sumulong Highway, corner Marikina-Infanta Hwy, Antipolo, 1800 Rizal, Philippines",14.626252099999999,121.12421,Marikina
Jollibee,Jollibee Graceland Plaza Branch,"Blk 2 Lot 1-22 JP Rizal Cor. Fatima Drive, Sta. Teresita Village, Marikina, 1800 Metro Manila, Philippines",14.6454755,121.09676119999999,Marikina
Jollibee,Jollibee - Puregold Arvo,"Puregold Ayala Malls Marikina, Liwasang Kalayaan, Marikina, 1800 Metro Manila, Philippines",14.648384000000002,121.11621559999998,Marikina
Jollibee,Jollibee Eldrich Food Corporation,"M423+8P6, Bayan-Bayanan Ave, Marikina Heights (Concepcion), Marikina, 1800 Metro Manila, Philippines",14.650797599999997,121.10427449999999,Marikina
Jollibee,Jollibee - Ayala Feliz,"Level 1, Ayala Malls, Feliz Marikina-Infanta Hwy, Pasig, 1800 Metro Manila, Philippines",14.6198271,121.09328339999999,Pasig
Jollibee,Wendy's - Marikina Heights,"306, 1800 Gen. Ordoñez St, Marikina, 1800 Metro Manila, Philippines",14.654653699999997,121.1229931,Marikina
Jollibee,Jollibee - Spark Place Cubao,"P.Tuazon, corner 10th Ave, Cubao, Quezon City, Metro Manila, Philippines",14.617817100000002,121.0566872,Quezon City
Jollibee,Jollibee ITC Shaw Kalentong,"51 Shaw Blvd, Mandaluyong City, 1550 Metro Manila, Philippines",14.593616899999999,121.0276074,Mandaluyong
Jollibee,Jollibee,"326 Shaw Blvd, corner Acacia Ln, Mandaluyong City, Metro Manila, Philippines",14.5891586,121.03583619999999,Mandaluyong
Jollibee,Jollibee,"LEVEL 1 SM LIGHT MALL EDSA, CORNER Madison, Barangka Ilaya, Mandaluyong City, Metro Manila, Philippines",14.5738042,121.04895479999999,Mandaluyong
Jollibee,Jollibee Unioil Pinaglabanan,"CML-HSI Pinaglabanan Place Santolan Road, Halo-halo, Brgy St. Joseph, San Juan City, Metro Manila, Philippines",14.6041288,121.0322333,San Juan
Jollibee,Jollibee - Maysan,"MXXH+MHW, 98 Maysan Rd, Valenzuela, 1440 Metro Manila, Philippines",14.699481099999998,120.978866,Valenzuela
Jollibee,Jollibee - Paso de Blas,"621-B Paso de Blas Rd, Valenzuela, 1442 Metro Manila, Philippines",14.7093231,120.99376260000001,Valenzuela
Jollibee,Jollibee - Feliza Bldg Malinta,"corner, Feliza Building, along MacArthur Highway, Malinta, Valenzuela, 1440 Metro Manila, Philippines",14.6926799,120.96401929999999,Valenzuela
Jollibee,Jollibee,"6008 Gen. T. de Leon, Valenzuela, 1442 Metro Manila, Philippines",14.687476799999999,121.00025749999999,Valenzuela
Jollibee,Jollibee,"UPPER GROUND ONE MALL, Gen. T. de Leon, Valenzuela, Metro Manila, Philippines",14.687745699999999,121.00026170000001,Valenzuela
Jollibee,Jollibee - Malanday,"KM. 17 MacArthur Hwy, Valenzuela, Metro Manila, Philippines",14.717717,120.95728260000001,Valenzuela
Jollibee,Jollibee Valenzuela Town Center,"VTC, MacArthur Hwy, Valenzuela, Metro Manila, Philippines",14.6923095,120.9697683,Valenzuela
Jollibee,Jollibee- Jeepney Market Karuhatan Valenzuela,"Jeepney Market - A. Pablo St, MacArthur Hwy, Valenzuela, Metro Manila, Philippines",14.689656099999999,120.97386100000001,Valenzuela
Jollibee,Jollibee - SM City Valenzuela,"Ground floor, SM Supercenter Valenzuela, along, MacArthur Hwy, Valenzuela, Metro Manila, Philippines",14.6861784,120.9762707,Valenzuela
Jollibee,Jollibee - Malanday Crossing,"Km 14 MacArthur Hwy, Valenzuela, 1444 Metro Manila, Philippines",14.709008,120.95978199999999,Valenzuela
Jollibee,Jollibee,"Gen. Luna St., Cor, Gov. Pascual Ave, Malabon, Metro Manila, Philippines",14.669562599999999,120.9468797,Malabon
Jollibee,Jollibee - Happy Go Shopping Mall Valenzuela,"Jollibee, Ibaba, Valenzuela, 1440 Metro Manila, Philippines",14.746600899999999,120.9962226,Valenzuela
Jollibee,Jollibee,"889-A M. Naval St, Navotas, 1485 Metro Manila, Philippines",14.6585618,120.9470581,Navotas
Jollibee,Jollibee Honorio Lopez,"64 N Bay Blvd, Tondo, Navotas, Metro Manila, Philippines",14.6348509,120.962181,Navotas
Jollibee,Jollibee SRS Northbay,"1485 N Bay Blvd, Brgy. Northbay, Navotas, Metro Manila, Philippines",14.6449733,120.95305789999999,Navotas
Jollibee,Jollibee Gov. Pascual Malabon,"Governor Pascual Avenue, Corner Marcelo H. Del Pilar St, Malabon, Metro Manila, Philippines",14.6684549,120.96584080000001,Malabon
Jollibee,Jollibee,"Rizal Ave, cor Manapat St, Malabon, Metro Manila, Philippines",14.6583907,120.95227179999999,Malabon
Jollibee,Jollibee,"Women's Club, corner Naval St, Malabon, Metro Manila, Philippines",14.675850299999999,120.94175349999999,Malabon
Jollibee,Jollibee Fisher Mall Malabon,"BLK 47 LOT 2, 10 Dagat-Dagatan Ave, Malabon, Metro Manila, Philippines",14.6568453,120.9610873,Malabon
Jollibee,Jollibee,"Blue Bay Walk, cor Roxas Blvd, EDSA, Pasay City, Metro Manila, Philippines",14.5374443,120.9919157,Pasay
Jollibee,Jollibee,"Level 1, Five Ecom Bldg, Harbor Dr, Pasay City, Metro Manila, Philippines",14.538825799999998,120.9822124,Pasay
Jollibee,Jollibee,"GXMM+M89, Pacific Dr, Pasay City, Metro Manila, Philippines",14.534169900000002,120.98335660000001,Pasay
Jollibee,Jollibee Salem Intl Cml Cmplx,"Salem Commercial Complex, Domestic Rd, Pasay City, Metro Manila, Philippines",14.522763699999997,121.0005614,Pasay
Jollibee,Jollibee Trium Square,"2043 Leveriza, Pasay City, 1300 Kalakhang Maynila, Philippines",14.553965999999999,120.99492579999999,Pasay
Jollibee,Jollibee,"Phoenix Gas Station, beside Hotel 101, along, EDSA Ext, Pasay City, Metro Manila, Philippines",14.535624600000002,120.98767570000001,Pasay
Jollibee,Jollibee,"Level 1 Red Hotel, 346 Don C Revilla St, corner Epifanio de los Santos Ave, Pasay City, Metro Manila, Philippines",14.537395699999998,121.0018992,Pasay
Jollibee,Jollibee,"Taft Ave Ext, Pasay City, Metro Manila, Philippines",14.5364486,121.0001812,Pasay
Jollibee,Jollibee | SM Mall of Asia,"G/f. Main Mall, SM Mall of Asia, Central Business Park, J.W. Diokno Blvd, Pasay City, 1300 Metro Manila, Philippines",14.5348619,120.9828763,Pasay
Jollibee,Jollibee,"3rd, 3rd St, Pasay City, Metro Manila, Philippines",14.5381167,121.0011643,Pasay
Jollibee,Jollibee DD Meridian Plaza,"Double dragon Plaza Meridian Park cor. Macapagal Ave, EDSA Ext, Pasay, Pasay City, Metro Manila, Philippines",14.5361896,120.99037170000001,Pasay
Jollibee,Jollibee Roxas Blvd- Libertad,"Palms Ventures Bldg. Roxas Blvd, corner Antonio S. Arnaiz Ave, Pasay City, Metro Manila, Philippines",14.545350899999999,120.99168710000001,Pasay
Jollibee,Jollibee Edsa Zamora,"333 EDSA Zamora cor. Libertad St, Pasay City, Metro Manila, Philippines",14.5378876,121.0016179,Pasay
Jollibee,Jollibee,"Stall 8&9, Liberty Comm'l Center, Antonio S. Arnaiz Ave, Pasay City, Metro Manila, Philippines",14.546355100000001,120.994309,Pasay
Jollibee,Jollibee SPRING CINEMA Arnaiz Ave,"G/F Spring Cinema Bldg. Arnaiz Ave, Cor Burgos St, Pasay City, Metro Manila, Philippines",14.548221400000001,121.0009273,Pasay
Jollibee,Jollibee WELLCOME PLAZA,"2420 G/ F Wellcome Plaza Bldg., Libertad St, Pasay City, Metro Manila, Philippines",14.5468271,120.99911660000001,Pasay
Jollibee,Jollibee,"2nd floor, New Baclaran Terminal Plaza, Corner Agtaraf Ave, Pasay City, Metro Manila, Philippines",14.5338792,120.997874,Pasay
Jollibee,Jollibee Taft Ave- Vito Cruz,"855 Taft Avenue, cor P.Ocampo St., Malate, Manila, 1004 Metro Manila, Philippines",14.562815799999997,120.9953516,Manila
Jollibee,Jollibee,"N. DOMINGO, cor A. Luna, ST, San Juan City, Metro Manila, Philippines",14.606045600000002,121.02336960000001,San Juan
Jollibee,Jollibee - Greenhills Shopping Center,"G/F Vmall Greenhills Shopping Center, San Juan City, Metro Manila, Philippines",14.6024339,121.050135,San Juan
McDonald's,McDonald's Munoz,"24 1, Bago Bantay, Quezon City, 1106 Metro Manila, Philippines",14.657973900000002,121.0203684,Quezon City
McDonald's,McDonald's,"Banawe St, Quezon City, 1100 Metro Manila, Philippines",14.628381300000001,121.0040151,Quezon City
McDonald's,McDonald's Edsa Caloocan,"550, 1403 Epifanio de los Santos Ave, Grace Park East, Caloocan, Metro Manila, Philippines",14.6570355,120.9942697,Caloocan
McDonald's,McDonald's,"2399 Taft Ave, Malate, Manila, 1004 Metro Manila, Philippines",14.563431599999998,120.99423369999998,Manila
McDonald's,McDonald’s Drive-Thru,"Baler, cor Fernando Poe Jr. Ave, Project 7, Quezon City, Metro Manila, Philippines",14.6453745,121.0173827,Quezon City
McDonald's,McDonald's,"8001 Epifanio de los Santos Ave, Project 7, Quezon City, 1105 Metro Manila, Philippines",14.657159000000002,121.02107799999999,Quezon City
McDonald's,McDonald's Recto Rizal Ave,"1548 Recto Ave, Santa Cruz, Manila, 1003 Metro Manila, Philippines",14.603605,120.981741,Manila
McDonald's,McDonald's Del Monte,"233 D. Tuazon, Santa Mesa Heights, Quezon City, 1114 Metro Manila, Philippines",14.63734,120.99582,Quezon City
McDonald's,McDonald's Visayas Avenue,"121 Rd 1, Quezon City, 1128 Metro Manila, Philippines",14.659875,121.0444137,Quezon City
McDonald's,McDonald's Mayon Dapitan,"89 Mayon St, Quezon City, 1114 Metro Manila, Philippines",14.62192,120.99969,Quezon City
McDonald's,McDonald's NXTGEN,"1105 Epifanio de los Santos Ave, Bago Bantay, Quezon City, 1105 Metro Manila, Philippines",14.658058400000002,121.0203174,Quezon City
McDonald's,McDonald's Espana,"Don Quijote St, Sampaloc, Manila, 1008 Metro Manila, Philippines",14.61046,120.99399000000001,Manila
McDonald's,McDonald's Baesa Quezon City,"167 Quirino Hwy, Quezon City, 1106 Metro Manila, Philippines",14.669370599999999,121.0094372,Quezon City
McDonald's,McDonald's,"437 N.S. Amoranto Sr. St, Santa Mesa Heights, Quezon City, 1114 Metro Manila, Philippines",14.6313201,120.9992582,Quezon City
McDonald's,McDonald's,"1103 Sct. Tobias St, Diliman, Quezon City, 1103 Metro Manila, Philippines",14.635443500000001,121.03127099999999,Quezon City
McDonald's,McDonald's,"3979 R Magsaysay Blvd, Santa Mesa, Manila, 1016 Metro Manila, Philippines",14.602849099999998,121.01486480000001,Manila
McDonald's,McDonald's,"3216 New Panaderos, Manila, Metro Manila, Philippines",14.589319799999998,121.02287869999999,Manila
McDonald's,McDonald's,"1800 Gerardo Tuazon St, Sampaloc, Manila, 1008 Metro Manila, Philippines",14.6059428,121.0017671,Manila
McDonald's,McDonald's,"corner Ligaya, Quezon City, Metro Manila, Philippines",14.638530000000001,121.02780999999999,Quezon City
McDonald's,McDonald's,"cor E Rodriguez Sr. Ave, Quezon City, 1112 Metro Manila, Philippines",14.622097,121.02630200000002,Quezon City
McDonald's,McDonald's Abad Santos Hermosa,"3051 J Abad Santos Ave, Tondo, Manila, 1012 Metro Manila, Philippines",14.6313694,120.98047469999999,Manila
McDonald's,McDonald's Un Del Pilar,"483 Padre Faura St, Ermita, Manila, 1000 Metro Manila, Philippines",14.579813399999999,120.97933069999999,Manila
McDonald's,McDonald's,"Edsa, Cor Panay Ave, Diliman, Quezon City, 1103 Metro Manila, Philippines",14.643008999999997,121.03768389999998,Quezon City
McDonald's,McDonald's Crossroads Tandang Sora,"Crossroads Business Park, Tandang Sora Ave, Sangandaan, Project 8, Quezon City, 1116 Metro Manila, Philippines",14.6797863,121.0194973,Quezon City
McDonald's,McDonald's QH Novaliches,"483 Quirino Hwy, Quezon City, 1116 Metro Manila, Philippines",14.686475399999999,121.0240579,Quezon City
McDonald's,McDonald's,"La Residencia 2, 8 Mendiola St, San Miguel, Manila, 1008 Metro Manila, Philippines",14.598053700000001,120.99305210000001,Manila
McDonald's,McDonald's,"842 Epifanio de los Santos Ave, Diliman, Quezon City, 1100 Metro Manila, Philippines",14.6398005,121.04104099999999,Quezon City
McDonald's,McDonald's Sta Ana,"2242 Pedro Gil St, Santa Ana, Manila, 1009 Metro Manila, Philippines",14.581385800000001,121.01258639999999,Manila
McDonald's,McDonald's,"490 Epifanio de los Santos Ave, Morning Breeze Subdivision, Caloocan, 1405 Metro Manila, Philippines",14.657478,120.985533,Caloocan
McDonald's,McDonald's P.Campa,"P. Campa St. Cor. España St, 1008 Sampaloc, Manila, 1008 Metro Manila, Philippines",14.6059493,120.98831039999997,Manila
McDonald's,McDonald's Gov. Forbes,"Governor Forbes, Sampaloc, Manila, 1800 Metro Manila, Philippines",14.6129616,120.98997109999999,Manila
McDonald's,McDonald's North Congressional,"188 Congressional Ave, Project 8, Quezon City, Metro Manila, Philippines",14.6658069,121.0316699,Quezon City
McDonald's,McDonald's P. Guevarra,"256 P. Guevarra St, San Juan City, 1500 Metro Manila, Philippines",14.604090000000001,121.0324462,San Juan
McDonald's,McDonald's,"Pedro Gil St, corner Adriatico St, Malate, Manila, 1004 Metro Manila, Philippines",14.574184500000001,120.9840735,Manila
McDonald's,McDonald's,"1051 Padre Noval St, Sampaloc, Manila, 1008 Metro Manila, Philippines",14.608480600000002,120.98762350000001,Manila
McDonald's,McDonald's J. Abad Santos,"corner Bambang St, Tondo, Manila, 1003 Metro Manila, Philippines",14.6127449,120.9767655,Manila
McDonald's,McDonald's Maypajo Mabini,"40 A. Mabini St, Maypajo, Caloocan, 1410 Metro Manila, Philippines",14.6376373,120.9757204,Caloocan
McDonald's,McDonald's,"193 Matalino St, Diliman, Quezon City, 1100 Metro Manila, Philippines",14.644517700000002,121.0498391,Quezon City
McDonald's,McDonald's,"24 Taft Ave, Ermita, Manila, 1000 Metro Manila, Philippines",14.5819195,120.9852387,Manila
McDonald's,McDonald's Mindanao Charbel,"75b St Gregory, Quezon City, 1116 Metro Manila, Philippines",14.6801286,121.0318071,Quezon City
McDonald's,McDonald's Padre Faura J Bocobo,"537 Padre Faura St, Ermita, Manila, 1000 Metro Manila, Philippines",14.5781117,120.98220979999999,Manila
McDonald's,McDonald's,"Taft Ave, corner Pedro Gil St, Ermita, Manila, 1000 Metro Manila, Philippines",14.5764748,120.98830269999999,Manila
McDonald's,McDonald's Project 8,"60 Shorthorn St, Project 8, Quezon City, 1106 Metro Manila, Philippines",14.66795,121.02068,Quezon City
McDonald's,McDonald's,"Kamuning Rd, Diliman, Quezon City, 1103 Metro Manila, Philippines",14.6284676,121.0341112,Quezon City
McDonald's,McDonald's Puregold Blumentritt,"1581 Blum 1 Center, New Antipolo St. cor. Rizal Ave Brgy. 209 Zone 19, Santa Cruz, Manila, 1013 Metro Manila, Philippines",14.6229982,120.9828028,Manila
McDonald's,McDonald's Sta. Cruz Church,"459 Plaza Sta. Cruz, Santa Cruz, Manila, 1000 Metro Manila, Philippines",14.599808500000002,120.9798145,Manila
McDonald's,McDonald's,"N. Domingo St. Cor. F. Blumentritt St. Commercial Unit 4 Puregold Agora Mall, San Juan City, 1800 Metro Manila, Philippines",14.6054007,121.02318679999999,San Juan
McDonald's,McDonald's,"Robinson's Magnolia Rd, Quezon City, 1112 Metro Manila, Philippines",14.613160500000001,121.03823409999998,Quezon City
McDonald's,McDonald's Sun Mall Welcome Rotonda,"11 Mayon St, Quezon City, 1114 Metro Manila, Philippines",14.618165800000002,121.00113540000001,Quezon City
McDonald's,McDonald's,"Lower G/F Fishermall, Quezon Ave, Corner Roosevelt Ave, Brgy Sta. Cruz, Quezon City, 1104 Metro Manila, Philippines",14.633844299999998,121.0195115,Quezon City
McDonald's,McDonald's Quirino Mabini,"1004 Meding, Malate, Manila, 1004 Metro Manila, Philippines",14.565752,120.9870722,Manila
McDonald's,McDonald's,"24 Scout Albano Ave, Diliman, Quezon City, 1103 Metro Manila, Philippines",14.6388684,121.0357488,Quezon City
McDonald's,McDonald's Juan Luna Manila,"2489 Juan Luna St, Tondo, Manila, 1013 Metro Manila, Philippines",14.626739499999998,120.97313650000001,Manila
McDonald's,McDonald's Caloocan 8 Th Street,"134 8th, Grace Park East, Caloocan, 1403 Metro Manila, Philippines",14.649377,120.990437,Caloocan
McDonald's,McDonald's Benitez,"1112 Pedro Gil St, Paco, Manila, 1004 Metro Manila, Philippines",14.5771967,120.9910664,Manila
McDonald's,McDonald's - Holy Cross Novaliches,"701 Quirino Hwy, Quezon City, Metro Manila, Philippines",14.7018678,121.03551189999999,Quezon City
McDonald's,McDonald's Masangkay,"1302 Masangkay St, Tondo, Manila, 1008 Metro Manila, Philippines",14.6085315,120.9788768,Manila
McDonald's,McDonald's Paco,"1552 Paz St, Paco, Manila, 1007 Metro Manila, Philippines",14.579131299999998,120.99528099999999,Manila
McDonald's,McDonald's,"J. P. Rizal St, Makati City, 1207 Metro Manila, Philippines",14.5719034,121.01601559999999,Makati
McDonald's,McDonald's,"100 Jupiter, Makati City, 1209 Metro Manila, Philippines",14.562321299999999,121.02793969999998,Makati
McDonald's,McDonald's,"27-31 Visayas Ave, Project 8, Quezon City, 1106 Metro Manila, Philippines",14.671534000000001,121.04065899999999,Quezon City
McDonald's,McDonald's Tandang Sora,"858 Tandang Sora Ave, Quezon City, 1100 Metro Manila, Philippines",14.6752569,121.045571,Quezon City
McDonald's,McDonald's Kamias QC,"101 Kamias Rd, Quezon City, 1102 Metro Manila, Philippines",14.633992500000002,121.05767770000001,Quezon City
McDonald's,McDonald's SM North Edsa,"SM City North EDSA, Quezon City, 1100 Metro Manila, Philippines",14.656814299999999,121.030721,Quezon City
McDonald's,McDonald's,"Holy Spirit Dr, Quezon City, 1100 Metro Manila, Philippines",14.684774299999999,121.0773964,Quezon City
McDonald's,McDonald's,"2 Aurora Blvd, Project 3, Quezon City, 1102 Metro Manila, Philippines",14.6279576,121.0633546,Quezon City
McDonald's,McDonald's Luzon Commonwealth,"2 Luzon Ave, Quezon City, 1119 Metro Manila, Philippines",14.6661661,121.07061139999999,Quezon City
McDonald's,McDonald's Katipunan,"91 Katipunan Ave, Quezon City, 1108 Metro Manila, Philippines",14.635933999999999,121.07412539999999,Quezon City
McDonald's,McDonald's,"New Frontier, 24 General Roxas Ave, Cubao, Quezon City, 1100 Metro Manila, Philippines",14.621958600000001,121.0538314,Quezon City
McDonald's,McDonald's,"2/F Ever Gotesco Ave. Cor. Don, Antonio Street, Quezon City, 1800 Metro Manila, Philippines",14.677785999999998,121.08384299999997,Quezon City
McDonald's,McDonald's,"R4-Level 2 And 3, Brgy, Ayala Malls, Bagong Pag-asa, Quezon City, 1100 Metro Manila, Philippines",14.652446600000001,121.0360942,Quezon City
McDonald's,McDonald's Blue Ridge,"206a President Carlos P. Garcia Ave, Project 4, Quezon City, 1108 Metro Manila, Philippines",14.618740599999999,121.07221829999999,Quezon City
McDonald's,McDonald's,"1359 EDSA-North Ave Terminal, Quezon City, 1105 Metro Manila, Philippines",14.652433199999999,121.03283739999999,Quezon City
McDonald's,McDonald's,"Commonwealth Ave, Quezon City, 1100 Metro Manila, Philippines",14.706791499999998,121.07012499999999,Quezon City
McDonald's,McDonald's QH San Bartolome,"6 Quirino Hwy, Quezon City, 1116 Metro Manila, Philippines",14.701900000000002,121.03556,Quezon City
McDonald's,McDonald's,"Dahlia St, Cor Regalado Ave, West Fairview, Quezon City, Kalakhang Maynila, Philippines",14.6997491,121.06746480000001,Quezon City
McDonald's,McDonald's,"1108 Katipunan Ave, Diliman, Quezon City, 1101 Metro Manila, Philippines",14.6513827,121.0754644,Quezon City
McDonald's,McDonald's,"322-B P. Tuazon Blvd, Project 4, Quezon City, 1109 Metro Manila, Philippines",14.621236399999999,121.0636973,Quezon City
McDonald's,mcdo,"J2PF+37J, Quezon Ave, Quezon City, Metro Manila, Philippines",14.6352005,121.0231537,Quezon City
McDonald's,Mcdonald's Sta. Monica,"Phase 4, Jordan Plaines Subdivision, Commonwealth Ave, Santa Monica, Novaliches, Quezon City, 1117 Metro Manila, Philippines",14.7221006,121.0511713,Quezon City
McDonald's,McDonald's Philcoa,"L2 Citimall Building , Commonwealth Avenue, San Vicente , Philcoa, Quezon City, Metro Manila, Philippines, Diliman, Quezon City, 1101 Metro Manila, Philippines",14.653694,121.05358199999999,Quezon City
McDonald's,McDonald's,"Eastwood Ave, Quezon City, 1110 Metro Manila, Philippines",14.6088813,121.0800038,Quezon City
McDonald's,McDonald's Primark Atherton,"Atherton Street, Corner Dollar, North Fairview, Novaliches, Quezon City, 1100 Metro Manila, Philippines",14.706209999999999,121.05949,Quezon City
McDonald's,McDonald's Belfast,"Belfast, Quezon City, 1118 Metro Manila, Philippines",14.727850199999999,121.05753089999999,Quezon City
McDonald's,McDonald's,"1118, 125 Quirino Hwy, Quezon City, 1118 Metro Manila, Philippines",14.7351678,121.06443120000002,Quezon City
McDonald's,McDonald's,"857 Aurora Blvd, Quezon City, 1102 Metro Manila, Philippines",14.622562499999999,121.05174439999999,Quezon City
McDonald's,Jollibee Muñoz,"Munoz Market Plaza, EDSA cor, Fernando Poe Jr. Ave, Project 7, Quezon City, Metro Manila, Philippines",14.6573315,121.02002119999997,Quezon City
McDonald's,McDonald's,"107 Eulogio Rodriguez Jr. Ave, Quezon City, 1110 Metro Manila, Philippines",14.6020485,121.07964199999998,Quezon City
McDonald's,McDonald's,"10 Granada, Quezon City, 1112 Metro Manila, Philippines",14.6102786,121.03668529999999,Quezon City
McDonald's,Jollibee - Vasra Visayas Ave,"48 Visayas Ave, Brgy, corner Forestry, Vasra, Diliman, Quezon City, Metro Manila, Philippines",14.661240500000002,121.04460139999999,Quezon City
McDonald's,McDonald's C4 Caloocan,"Dagat-Dagatan Ave, Caloocan, 1411 Metro Manila, Philippines",14.657409999999999,120.96212999999999,Caloocan
McDonald's,McDonald's Sangandaan Caloocan,"627 A. Mabini St, Sangandaan, Caloocan, 1400 Metro Manila, Philippines",14.6569288,120.9713422,Caloocan
McDonald's,"McDonald's - North Grove, Camarin RD","282 Camarin Rd, Barangay 173, Caloocan, 1400 Metro Manila, Philippines",14.755462500000002,121.0415963,Caloocan
McDonald's,McDonald's,"110, Grace Park East, Caloocan, Metro Manila, Philippines",14.647231799999998,120.98381439999999,Caloocan
McDonald's,McDonald's Monumento Caloocan,"Grace Park West, Caloocan, Metro Manila, Philippines",14.652711499999999,120.98359779999998,Caloocan
McDonald's,McDonald's Susano,"D14 Susano Rd, Deparo II, Caloocan, Metro Manila, Philippines",14.736918300000001,121.0326083,Caloocan
McDonald's,McDonald's Vicas Camarin,"3 Camarin Rd, Caloocan, 1400 Metro Manila, Philippines",14.746266900000002,121.0356102,Caloocan
McDonald's,McDonald's,"M2J5+HXM, Tullahan Rd, Caloocan, 1402 Metro Manila, Philippines",14.681459599999998,121.009913,Caloocan
McDonald's,McDonald's,"Gilmar'S Place Subdivision, Bf Homes Subd, 168 Deparo Rd, Caloocan, 1420 Metro Manila, Philippines",14.739689400000001,121.0263877,Caloocan
McDonald's,McDonald's Bagumbong Caloocan,"Q229+5JX, Barangay 171, Caloocan, Metro Manila, Philippines",14.7504771,121.01909880000001,Caloocan
McDonald's,McDonald's,"11-F Lanzones Street, Potrero, Malabon, 1475 Kalakhang Maynila, Philippines",14.661555000000002,120.98386909999998,Malabon
McDonald's,McDonald's Congressional Caloocan,"Q24H+PM5, Congressional Rd Ext, Extension, Quezon City, Metro Manila, Philippines",14.7564405,121.02957320000002,Quezon City
McDonald's,McDonald's Zabarte,"Zabarte Rd, Caloocan, 1422 Metro Manila, Philippines",14.755900899999997,121.04336199999999,Caloocan
McDonald's,McDonald's Victory Mall,"1659 Rizal Avenue Monumento, Caloocan, 1008 Metro Manila, Philippines",14.655595999999997,120.983358,Caloocan
McDonald's,McDonald's,"M. Naval St, Navotas, 1485 Metro Manila, Philippines",14.6585556,120.9474406,Navotas
McDonald's,McDonald's,"Symaco Bldg, 673 Rizal Ave Ext, Malabon, 1470 Metro Manila, Philippines",14.658675,120.95278189999999,Malabon
McDonald's,McDonald's Primark Camarin,"Primark Camarin, Zapote Rd, Caloocan, 1423 Metro Manila, Philippines",14.7504787,121.0534207,Caloocan
McDonald's,McDonald's,"Amorsolo Street, Makati, 1229 Kalakhang Maynila, Philippines",14.553142099999999,121.01475800000001,Makati
McDonald's,McDonald's,"1200 Valero, Makati, 1227 Kalakhang Maynila, Philippines",14.5606689,121.0180172,Makati
McDonald's,McDonald's,"Paseo de Roxas, corner Esperanza St, Makati City, Metro Manila, Philippines",14.5519424,121.01946659999999,Makati
McDonald's,McDonald's,"1344 Epifanio de los Santos Ave, Makati City, 1233 Metro Manila, Philippines",14.539319100000002,121.01241510000001,Makati
McDonald's,McDonald's Dian,"53 Sen. Gil J. Puyat Ave, Makati City, 1235 Metro Manila, Philippines",14.556423999999998,121.004449,Makati
McDonald's,McDonald's,"Spc 118, E People Support Center, Ayala Ave, Makati City, Metro Manila, Philippines",14.560086699999998,121.01496019999999,Makati
McDonald's,McDonald's,"corner Chino Roces Ave, Makati City, 1200 Metro Manila, Philippines",14.559781599999999,121.0120544,Makati
McDonald's,McDonald's,"29 Pablo Ocampo Sr. Ext, Makati City, 1204 Metro Manila, Philippines",14.566992500000001,121.01263290000001,Makati
McDonald's,McDonald's,"1782 North Garcia, Makati City, 1212 Metro Manila, Philippines",14.565258,121.04642299999998,Makati
McDonald's,McDonald's,"8757 Paseo de Roxas, Makati City, 1227 Metro Manila, Philippines",14.557620000000002,121.0231,Makati
McDonald's,McDonald's,"147 Ayala Center, Makati City, 1224 Metro Manila, Philippines",14.551821999999998,121.0252209,Makati
McDonald's,McDonald's,"8 Sampaguita St, Taguig, 1218 Metro Manila, Philippines",14.5476148,121.06214519999997,Taguig
McDonald's,McDonald's,"2059 Donada, Pasay City, 1305 Kalakhang Maynila, Philippines",14.554128999999998,120.99622459999999,Pasay
McDonald's,McDonald's,"C1-027 to 028, Lower G/F, Ayala Malls Circuit, Hippodromo St, Makati City, 1207 Metro Manila, Philippines",14.573532,121.0192614,Makati
McDonald's,McDonald's,"25 Lopez Dr, Makati City, 1210 Metro Manila, Philippines",14.565477000000001,121.03599299999999,Makati
McDonald's,McDonald's,"Caruncho Ave, Pasig, 1600 Metro Manila, Philippines",14.5581456,121.08252729999998,Pasig
McDonald's,McDonald's,"Evangelista St, Pasig, 1610 Metro Manila, Philippines",14.610029400000002,121.091814,Pasig
McDonald's,McDonald's C Raymundo,"200 C. Raymundo Ave, Pasig, 1600 Metro Manila, Philippines",14.570666499999998,121.082399,Pasig
McDonald's,McDonald's,"Central Ave, Pasig, 1604 Metro Manila, Philippines",14.583478999999999,121.0761152,Pasig
McDonald's,McDonald's,"22 W Capitol Dr, Pasig, 1603 Metro Manila, Philippines",14.573256799999998,121.06073509999997,Pasig
McDonald's,McDonald's Sandoval Pasig,"72 Ana Guanio, Pasig, 1602 Metro Manila, Philippines",14.5574079,121.09700430000001,Pasig
McDonald's,McDonald's,"71 Eulogio Amang Rodriguez Ave, Pasig, 1610 Metro Manila, Philippines",14.619380000000001,121.09294,Pasig
McDonald's,McDonald's Parkwood,"B-10 Washington, Pasig, 1607 Metro Manila, Philippines",14.575190000000001,121.09071,Pasig
McDonald's,McDonald's,"1605 Sapphire Rd, Ortigas Center, Pasig, 1605 Metro Manila, Philippines",14.5888934,121.06275449999998,Pasig
McDonald's,McDonald's,"Block 7 Lot 2, Arcovia City, Pasig, 1604 Metro Manila, Philippines",14.578537,121.07527299999998,Pasig
McDonald's,McDonald's,"8005 Ortigas Ave, Pasig, 1608 Metro Manila, Philippines",14.5887267,121.10304119999998,Pasig
McDonald's,McDonald's,"Ortigas Ave, Pasig, 1000 Metro Manila, Philippines",14.590200000000001,121.06843,Pasig
McDonald's,McDonald's,"1600 Pearl Dr, Ortigas Center, Pasig, 1605 Metro Manila, Philippines",14.581254,121.06074419999999,Pasig
McDonald's,McDonald's,"104 F. Ortigas Jr. Rd, Ortigas Center, Pasig, 1600 Metro Manila, Philippines",14.586293600000001,121.0615239,Pasig
McDonald's,McDonald's,"500 Elizco Rd, Pasig, Metro Manila, Philippines",14.551071100000001,121.0753556,Pasig
McDonald's,McDonald's,"1 Gunting St, Marikina, 1801 Metro Manila, Philippines",14.6213126,121.1026302,Marikina
McDonald's,McDonald's Pioneer Reliance,"128c Pioneer St, Mandaluyong City, 1550 Metro Manila, Philippines",14.5721399,121.0545358,Mandaluyong
McDonald's,McDonald's Karangalan,"Imelda Ave. Corner Magsaysay Road, Pasig, 1800 Metro Manila, Philippines",14.6044822,121.10505739999999,Pasig
McDonald's,McDonald's,"24 Sumulong Hwy, Marikina, 1800 Metro Manila, Philippines",14.635206100000001,121.0996137,Marikina
McDonald's,McDonald's,"441 Boni Ave, Mandaluyong City, 1550 Metro Manila, Philippines",14.575878699999999,121.0413108,Mandaluyong
McDonald's,McDonald's Uptown Bonifacio,"10th Ave, 40th Street, Taguig, Metro Manila, Philippines",14.560741900000002,121.05543290000001,Taguig
McDonald's,McDonald's,"24 Pinatubo, Manila, 1550 Kalakhang Maynila, Philippines",14.5734702,121.04759150000001,Manila
McDonald's,McDonald's,"8 Domingo M. Guevara, Mandaluyong City, 1550 Metro Manila, Philippines",14.57933,121.04709,Mandaluyong
McDonald's,McDonald's Wack Wack,"555 Shaw Blvd, Mandaluyong City, 1552 Metro Manila, Philippines",14.5866502,121.04752979999998,Mandaluyong
McDonald's,McDonald's,"17 B. Morcilla St, Pateros, 1620 Metro Manila, Philippines",14.5450295,121.0662906,Pateros
McDonald's,McDonald's,"368 Ortigas Ave, San Juan City, 1502 Metro Manila, Philippines",14.604674999999999,121.04240899999999,San Juan
McDonald's,McDonald's,"Ortigas Ave, San Juan City, 1502 Metro Manila, Philippines",14.601921500000001,121.05140360000001,San Juan
McDonald's,Jollibee AD Center Amang,"A. Rodriguez Street, corner Evangelista St, Pasig, Metro Manila, Philippines",14.609695100000001,121.09185919999999,Pasig
McDonald's,McDonald's Taguig,"24 Federacion Dr, Taguig, 1634 Metro Manila, Philippines",14.5476944,121.04857659999998,Taguig
McDonald's,McDonald's,"Lawton Ave, Corner Jusmag Rd, McKinley West, Taguig, Metro Manila, Philippines",14.5349119,121.0449211,Taguig
McDonald's,McDonald's,"362 Shaw Blvd, Mandaluyong City, 1552 Metro Manila, Philippines",14.5891772,121.0367622,Mandaluyong
McDonald's,McDonald's Cayetano Blvd,"Levi B. Mariano Ave, Taguig, 1630 Metro Manila, Philippines",14.53079,121.06666999999999,Taguig
McDonald's,McDonald's,"L1, 137 , Market! Market! Mall , 26th Street, Corner C5, Taguig, 1634 Metro Manila, Philippines",14.5493335,121.05542799999999,Taguig
McDonald's,McDonald's Concepcion Marikina,"Bayan-Bayanan Avenue Cor. E Santos, Candazo St, Marikina, 1800 Metro Manila, Philippines",14.650578399999999,121.1047669,Marikina
McDonald's,McDonald's Parking Area,"H3MG+CF2, Central Ave, Pasig, Metro Manila, Philippines",14.5835052,121.07615260000001,Pasig
McDonald's,McDonald's Kapitolyo Parking and Drive Thru,"9 1st St, Pasig, 1603 Metro Manila, Philippines",14.5735175,121.06044099999998,Pasig
McDonald's,McDonald's,"Ortigas Ave, Ortigas Center, Quezon City, 1110 Metro Manila, Philippines",14.591506599999999,121.0597669,Quezon City
McDonald's,McDonald's,"26th St, Taguig, 1635 Metro Manila, Philippines",14.549868300000002,121.04479500000001,Taguig
McDonald's,McDonald's,"131 Federacion Dr, Taguig, 1634 Metro Manila, Philippines",14.547061500000002,121.05084109999999,Taguig
McDonald's,McDonald's,"24 Gen. Luna St, Taguig, 1637 Metro Manila, Philippines",14.529918700000001,121.0696947,Taguig
McDonald's,McDonald's,"EP Hosing, Blk 24, 9, Taguig, 1630 Metro Manila, Philippines",14.516271999999999,121.05166899999999,Taguig
McDonald's,McDonald's,"Complex, Puregold Building, FTI Ave, Western Bicutan, Taguig, 1630 Metro Manila, Philippines",14.5057171,121.0519018,Taguig
McDonald's,McDonald's - Lower Bicutan Branch,"449 Banai St, Taguig, Metro Manila, Philippines",14.488506699999999,121.061009,Taguig
McDonald's,McDonald's,"2 Portwood St, Pasay City, 1309 Metro Manila, Philippines",14.520655699999999,121.01601660000001,Pasay
McDonald's,McDonald's,"Unit B108 36th St, Taguig, 1634 Metro Manila, Philippines",14.556718199999999,121.0539072,Taguig
McDonald's,McDonald's Dona Soledad,"blk 19 Doña Soledad Ave, Parañaque, 1711 Metro Manila, Philippines",14.4844858,121.0304972,Parañaque
McDonald's,McCafé Lawton Jusmag McKinley West,"G2MV+VV5, Taguig, Metro Manila, Philippines",14.534637000000002,121.044722,Taguig
McDonald's,McDonald's Nb150,"150 Newport Blvd, Pasay City, 1309 Metro Manila, Philippines",14.5244768,121.0130327,Pasay
McDonald's,McDonald's,"Upper McKinley Hl, Taguig, 1627 Metro Manila, Philippines",14.534069699999998,121.0506465,Taguig
McDonald's,McDonald's,"100 Andrews Ave, Pasay City, 1309 Metro Manila, Philippines",14.518224099999998,121.01949979999999,Pasay
McDonald's,McDonald's,"Lower Ground Level SM Aura, 26Th St, Cor McKinley Pkwy, Taguig, Metro Manila, Philippines",14.5467918,121.05433529999999,Taguig
McDonald's,McDonald's Giselle Plaza,"76 EDSA - Pasay Rotonda Foot Bridge, Pasay City, 1303 Metro Manila, Philippines",14.537243699999998,121.0012514,Pasay
McDonald's,McDonald's Edsa Taft Rotonda,"24 EDSA - Pasay Rotonda Foot Bridge, Pasay City, 1302 Metro Manila, Philippines",14.5382783,121.00058019999997,Pasay
McDonald's,Burger King - Bayani Road,"No. 35, Armed Forces of The Philippines Officer's Village Association Inc. AFPOVAI, 1630 Bayani Rd, Taguig, 1630 Metro Manila, Philippines",14.527721999999999,121.042115,Taguig
McDonald's,McDonald's,"QUIRINO AVE, COR Airport Rd, Baclaran, Parañaque, Metro Manila, Philippines",14.527415699999999,120.99724079999999,Parañaque
McDonald's,McDonald's,"E Rodriguez Ave, Parañaque, 1709 Metro Manila, Philippines",14.4921875,121.01486209999999,Parañaque
McDonald's,McDonald's Taft Libertad,"corner Antonio S. Arnaiz Ave, Pasay City, 1304 Metro Manila, Philippines",14.547609,120.99882939999999,Pasay
McDonald's,Jollibee Bonifacio Global City,"Along 32nd St cor, Bonifacio Stopover, Rizal Dr, Taguig, Metro Manila, Philippines",14.554663000000001,121.0464055,Taguig
McDonald's,Mc Donald's,"Bel-Air Village Phase II, Durban, Taguig, Metro Manila, Philippines",14.5234211,121.05673200000001,Taguig
McDonald's,McDonald's Villaruel Pasay,"Villaruel, Cor F.B. Harrison St, Pasay City, Metro Manila, Philippines",14.5520333,120.9924753,Pasay
McDonald's,McDonald's Moonwalk,"24 Doña Soledad Ave, Parañaque, 1709 Metro Manila, Philippines",14.492019599999999,121.01485979999998,Parañaque
McDonald's,McDonald's Kabihasnan,"Kabihasnan Cor. Ninoy Aquino Ave., San Dionisio, Parañaque, 1709 Metro Manila, Philippines",14.491142600000002,120.9914399,Parañaque
McDonald's,McDonald's QA San Dionisio,"Quirino Ave, San Dionisio, Parañaque, 1700 Metro Manila, Philippines",14.499352799999999,120.9911006,Parañaque
McDonald's,McDonald's Valley 1,"8289 Dr Arcadio Santos Ave, Parañaque, 1700 Metro Manila, Philippines",14.46444,121.01994999999998,Parañaque
McDonald's,McDonald's,"Dr Arcadio Santos Ave, Parañaque, 1800 Metro Manila, Philippines",14.475862399999999,121.0000097,Parañaque
McDonald's,McDonald's San Dionisio Paranaque,"668 Quirino Ave, Parañaque, 1700 Metro Manila, Philippines",14.488765700000002,120.98630879999999,Parañaque
McDonald's,McDonald's Fortunata,"24 Creek Dr, Parañaque, 1700 Metro Manila, Philippines",14.471111100000002,121.00825889999999,Parañaque
McDonald's,McDonald's Shell Macapagal,"Aseana Power Station, Parañaque, 1700 Metro Manila, Philippines",14.529773599999999,120.9894722,Parañaque
McDonald's,McDonald's C5 Multinational,"C-5, Parañaque, Metro Manila, Philippines",14.495083,120.99778699999999,Parañaque
McDonald's,McDonald's,"G080 G081, Ayala Malls Manila Bay, Parañaque, 1700 Metro Manila, Philippines",14.523151099999998,120.99021060000001,Manila
McDonald's,McDonald's Puregold Southpark,"11 Monserrat, Parañaque, 1717 Kalakhang Maynila, Philippines",14.4474172,121.02901700000001,Parañaque
McDonald's,McDonald's BF Aguirre,"318 A. Aguirre Ave, Parañaque, 1718 Metro Manila, Philippines",14.456164000000001,121.00933800000001,Parañaque
McDonald's,McDonald's,"Russell Avenue, Corner Roxas Blvd, Pasay City, 1308 Metro Manila, Philippines",14.5340779,120.99349260000001,Pasay
McDonald's,McDonald's PITX,"2Nd Floor, Paranaque Integrated Terminal Exchange, 1 Kennedy Road, Brgy. Tambo, Parañaque, 1701 Metro Manila, Philippines",14.5094499,120.99089130000002,Parañaque
McDonald's,McDonald's,"24 Diosdado Macapagal Blvd, Pasay City, 1300 Metro Manila, Philippines",14.5369935,120.9891822,Pasay
McDonald's,McDonald's,"1300 Sunset Ave, Pasay City, 1308 Metro Manila, Philippines",14.537466300000002,120.9818014,Pasay
McDonald's,McDonald's,"1780 Service Rd, Muntinlupa, 1799 Metro Manila, Philippines",14.4248983,121.0293288,Muntinlupa
McDonald's,McDonald's Alabang West,"Lot6 W Hollywood Dr, Alabang West, Las Piñas, 1751 Metro Manila, Philippines",14.409168,121.0128928,Las Piñas
McDonald's,McDonald's Casimiro,"164 CAA Rd, Las Piñas, 1740 Metro Manila, Philippines",14.4549453,120.9940624,Las Piñas
McDonald's,McDonald's Almanza,"Alabang–Zapote Rd, Las Piñas, 1740 Metro Manila, Philippines",14.434345500000001,121.01168820000001,Las Piñas
McDonald's,McDonald's,"Ground Level, W Mall, 19 Coral Way, Pasay City, Metro Manila, Philippines",14.532210300000001,120.9891453,Pasay
McDonald's,McDonald's Commerce Ave,"Commerce Ave, Corner Spectrum St, Alabang, Muntinlupa, 1781 Metro Manila, Philippines",14.4201425,121.0358358,Muntinlupa
McDonald's,Mcdo Moonwalk,"15415, 1708 E Rodriguez Ave, Parañaque, 1709 Metro Manila, Philippines",14.4920774,121.0148383,Parañaque
McDonald's,Mcdonald's SM BF,"F25M+3J9, Dr Arcadio Santos Ave, Parañaque, 1700 Metro Manila, Philippines",14.457667599999999,121.0340485,Parañaque
McDonald's,McDonald's Las Pinas Talon,"318 Alabang–Zapote Rd, Las Piñas, 1747 Metro Manila, Philippines",14.441319600000002,120.9981888,Las Piñas
McDonald's,McDonald's,"19 Marcos Alvarez Ave, Las Piñas, 1747 Metro Manila, Philippines",14.4271833,121.00246249999998,Las Piñas
McDonald's,McDonald's,"1709 Doña Soledad Ave, Parañaque, 1709 Metro Manila, Philippines",14.4849529,121.040155,Parañaque
McDonald's,McDonald's,"24 Manila Times St, Las Piñas, 1750 Metro Manila, Philippines",14.4483597,120.98483189999997,Manila
McDonald's,McDonald's Pamplona Dos,"Alabang–Zapote Rd, Las Piñas, 1742 Metro Manila, Philippines",14.4513674,120.97794549999999,Las Piñas
McDonald's,McDonald’s,"FX9C+VF5, Diego Cera Ave, Las Piñas, Metro Manila, Philippines",14.4696251,120.97121069999999,Las Piñas
McDonald's,McDonald's,"899 Manila S Rd, Muntinlupa, 1772 Metro Manila, Philippines",14.394534799999999,121.04497749999997,Manila
McDonald's,McDonald's,"Manila S Rd, Tunasan, Muntinlupa, 1773 Metro Manila, Philippines",14.3769904,121.0463094,Manila
McDonald's,McDonald’s Putatan Muntinlupa,"90 National Road, Barangay Putatan, Muntinlupa, 1772 Metro Manila, Philippines",14.402266599999997,121.0469727,Muntinlupa
McDonald's,McDonald's,"F@st Bytes, Alabang, Muntinlupa, 1781 Metro Manila, Philippines",14.4254172,121.0397874,Muntinlupa
McDonald's,McDonald's Pontevia,"4102 Daang Hari Road, Las Piñas, 1740 Cavite, Philippines",14.3751409,121.0117885,Las Piñas
McDonald's,McDonald's - Festival Mall (Ground Level),"LGF, Festival Mall, Corporate Ave, Alabang, Muntinlupa, Metro Manila, Philippines",14.4165386,121.04084119999999,Muntinlupa
McDonald's,McDonald's,"439 J. P. Rizal St, Marikina, 1805 Metro Manila, Philippines",14.6366654,121.0942091,Marikina
McDonald's,McDonald's Nangka Marikina,"Buenmar Street, J. P. Rizal St, Marikina, 1800 Metro Manila, Philippines",14.66955,121.10820000000001,Marikina
McDonald's,McDonald's,"15 Royal Palm St, Marikina, 1800 Metro Manila, Philippines",14.6502073,121.11584679999999,Marikina
McDonald's,McDonald's,"17 Katipunan St, Marikina, 1807 Metro Manila, Philippines",14.642286900000002,121.11052430000001,Marikina
McDonald's,McDonald's,"77 Shaw Blvd, Mandaluyong City, 1552 Metro Manila, Philippines",14.593167,121.0284893,Mandaluyong
McDonald's,McDonald's,"574a Shaw Blvd, Mandaluyong City, 1552 Metro Manila, Philippines",14.581977499999997,121.05311370000001,Mandaluyong
McDonald's,McDonald's,"G/F SM Megamall Building A, Ortigas Center, Mandaluyong City, 1800 Metro Manila, Philippines",14.5852723,121.05679929999998,Mandaluyong
McDonald's,Jollibee,"Maysilo Cir, Boni Ave, Mandaluyong City, Metro Manila, Philippines",14.5768275,121.03502689999999,Mandaluyong
McDonald's,McDonald's,"584 A New Panaderos, Manila, 1552 Metro Manila, Philippines",14.5918839,121.02554869999999,Manila
McDonald's,McDonald's Karuhatan,"211 MacArthur Hwy, Valenzuela, 1440 Metro Manila, Philippines",14.684738000000001,120.9766733,Valenzuela
McDonald's,McDonald's,"KM. 17 MacArthur Hwy, Valenzuela, 1444 Metro Manila, Philippines",14.714526,120.95843500000001,Valenzuela
McDonald's,McDonald's B.Hive Plaza,"101 Gen. T. de Leon, Valenzuela, 1442 Metro Manila, Philippines",14.686753999999999,120.99527649999999,Valenzuela
McDonald's,McDonald's NLEX DRIVE & DINE,"Km 17, Barrio Canumay, N Luzon Expy, Valenzuela, Metro Manila, Philippines",14.719293299999997,120.9862096,Valenzuela
McDonald's,McDonald's,"MacArthur Hwy, Valenzuela, Metro Manila, Philippines",14.692444400000001,120.9709404,Valenzuela
McDonald's,"Jollibee - Marulas, Valenzuela","Along McArthur Hi-way, cor Pio Valenzuela, Valenzuela, Metro Manila, Philippines",14.6735501,120.9819999,Valenzuela
McDonald's,Burger King - Shell MacArthur Highway (Drive Thru),"230 MacArthur Hwy, Valenzuela, 1441 Metro Manila, Philippines",14.687169100000002,120.97573959999998,Valenzuela
McDonald's,McDonald's Paso De Blas,"Ugf Cu#10 And Sf Cu#1 Paso De Blas Mall, Cor General Luis, Valenzuela, 1448 Metro Manila, Philippines",14.7085552,120.9937451,Valenzuela
McDonald's,McDonald’s,"24 Gen. Luna St, Malabon, Metro Manila, Philippines",14.669155299999998,120.94706439999999,Malabon
McDonald's,McDonald's Hulong Duhat,"24 Don Basilio Bautista Blvd, Malabon, 1471 Metro Manila, Philippines",14.676311,120.94270059999998,Malabon
McDonald's,McDonald's Bignay Valenzuela,"PXWX+738, Bignay, Valenzuela, Metro Manila, Philippines",14.745669600000001,120.99769699999999,Valenzuela
McDonald's,McDonald's,"Pasay City, Metro Manila, Philippines",14.5507439,120.9977876,Pasay
McDonald's,McDonald's,"Gf 109-113, North Parking Np, SM Mall of Asia, J.W. Diokno Blvd, Pasay City, 1300 Metro Manila, Philippines",14.5363445,120.98275439999999,Pasay
