name,address,latitude,longitude,brand
Jollibee - Venice Grand Canal Mall,"Upper McKinley Hl, Taguig, Metro Manila, Philippines",14.533973699999997,121.0506476,Jollibee
Jollibee Commerce,"Commerce Spectrum Ave., Filinvest, Alabang Muntinlupa, Muntinlupa, Metro Manila, Philippines",14.4200474,121.03596130000001,Jollibee
Jollibee Victory Central mall,"Unit # G 04 - 05 Ground Floor, Victory Central Mall, Caloocan, Metro Manila, Philippines",14.6556097,120.98319479999999,Jollibee
Jollibee,"69 Makati Ave, Makati City, 1200 Metro Manila, Philippines",14.5624332,121.02811209999999,Jollibee
Jollibee Unioil Pinaglabanan,"CML-HSI Pinaglabanan Place Santolan Road, Halo-halo, Brgy St. Joseph, San Juan City, Metro Manila, Philippines",14.6041288,121.0322333,Jollibee
Jollibee Metrolane Complex,"102 Metrolane Complex 20th Avenue corner, P. Tuazon Blvd, Cubao, Quezon City, Metro Manila, Philippines",14.621154500000001,121.0634868,Jollibee
Jollibee,"315 Epifanio de los Santos Ave, Project 7, Quezon City, 1105 Metro Manila, Philippines",14.6571292,121.0208454,Jollibee
Jollibee Pedro Gil st Sta. Ana,"2422 Pedro Gil St, Santa Ana, Manila, Metro Manila, Philippines",14.581514,121.01279389999999,Jollibee
Jollibee PGH Taft,"799 Pedro Gil St, Ermita, Manila, 1007 Metro Manila, Philippines",14.576267699999997,120.98848029999999,Jollibee
Jollibee - Anonas,"#961 J & F Divino Bldg, Aurora Blvd, Project 3, Quezon City, Metro Manila, Philippines",14.628076400000001,121.0636294,Jollibee
Jollibee,"Edsa Cor Evangelista Bangkal, Makati City, Metro Manila, Philippines",14.539293200000001,121.01211330000001,Jollibee
Jollibee - Pasig Market,"FG Bldg. Market Ave, corner Caruncho Ave, Pasig, Metro Manila, Philippines",14.558041500000002,121.0828406,Jollibee
Jollibee Metropoli,"Along E.Rodriguez Jr. Avenue, Metropoli Residenza Subdivision, C5 Metropoli Dr, Ugong Norte, Quezon City, 1110 Metro Manila, Philippines",14.601744900000002,121.07975049999999,Jollibee
Jollibee Fastbytes,"F@st Bytes, Orient Ln, Muntinlupa, 1781 Metro Manila, Philippines",14.425099999999997,121.03971089999999,Jollibee
Jollibee AD Center Amang,"A. Rodriguez Street, corner Evangelista St, Pasig, Metro Manila, Philippines",14.609695100000001,121.09185919999999,Jollibee
Jollibee Zabarte Town Center,"Zabarte Town Center, 588 Camarin Rd, Almar, Caloocan, 1428 Metro Manila, Philippines",14.756232,121.04351199999999,Jollibee
Jollibee E. Santos- Bayan-Bayanan,"20 Bayan-Bayanan Ave, Concepcion Uno, Marikina, 1807 Metro Manila, Philippines",14.6507882,121.10445699999998,Jollibee
Jollibee,"889-A M. Naval St, Navotas, 1485 Metro Manila, Philippines",14.6585618,120.9470581,Jollibee
Jollibee - Dahlia Fairview,"Dahlia Avenue Cor. Regalado Avenue West Fairview, Brgy. Fairview Park, Quezon City, Metro Manila, Philippines",14.7001438,121.06753080000001,Jollibee
Jollibee Powerplant Mall,"P1 Level, The Powerplant Mall, Rockwell Center, Makati City, Metro Manila, Philippines",14.565253599999998,121.0363429,Jollibee
Jollibee,"M333+GHQ, R-7, Diliman, Quezon City, 1101 Metro Manila, Philippines",14.653835100000002,121.0539843,Jollibee
Jollibee Talipapa - Novaliches,"Savemore Drug, 482 Quirino Hwy, Quezon City, Metro Manila, Philippines",14.686300199999998,121.02445390000001,Jollibee
Jollibee,"9544 C. Raymundo Ave, Caniogan, Pasig, 1606 Metro Manila, Philippines",14.570701699999999,121.0819559,Jollibee
Jollibee CITYLAND 10 Tower 2,"L/G, Cityland 10 Tower 2, 154 H.V. Dela Costa, Makati City, Metro Manila, Philippines",14.560728300000001,121.0175756,Jollibee
Jollibee Puregold Commonwealth,"Puregold Commonwealth, Commonwealth Ave, Matandang Balara, Quezon City, 1119 Metro Manila, Philippines",14.666419000000001,121.07098380000001,Jollibee
Jollibee,"Gen. Luna St., Cor, Gov. Pascual Ave, Malabon, Metro Manila, Philippines",14.669562599999999,120.9468797,Jollibee
Jollibee Karangalan,"K Center Building, Imelda Avenue, Kaginhawaan St., Karangalan Village, Blk 27, PH2, Lot 5, B1 Kaginhawaan, Pasig, 1800 Metro Manila, Philippines",14.604917499999999,121.10495529999999,Jollibee
Jollibee Tycoon Center,"Tycoon Centre, Pearl Dr, Ortigas Center, Pasig, Metro Manila, Philippines",14.5816327,121.0609945,Jollibee
Jollibee AP Reyes- Evangelista PRC,"1058 AP Reyes st, cor. Evangelista St. Brgy. Tejeros Makati, Makati City, Metro Manila, Philippines",14.5720801,121.01556210000001,Jollibee
Jollibee General Santos Ave,"Level 1, F3Q6+4VG, General Santos Ave, Lower Bicutan, Taguig, 1632 Metro Manila, Philippines",14.48874,121.0605805,Jollibee
Jollibee - Gen. T. De Leon,"4729 Gen. T. de Leon, Valenzuela, 1442 Metro Manila, Philippines",14.686365199999997,120.99496889999999,Jollibee
Jollibee Pateros,"P. Herrera, corner B. Morcilla St, Pateros, 1620 Metro Manila, Philippines",14.545250300000001,121.06582490000001,Jollibee
Jollibee PITX,"Upper Ground, Pitx, 1 Kennedy Avenue, Tambo, Parañaque, Metro Manila, Philippines",14.508967499999999,120.99103919999999,Jollibee
Jollibee UST Dapitan,"1523 Dapitan St, Sampaloc, Manila, 1015 Metro Manila, Philippines",14.612963899999999,120.9894346,Jollibee
Jollibee Eldrich Food Corporation,"M423+8P6, Bayan-Bayanan Ave, Marikina Heights (Concepcion), Marikina, 1800 Metro Manila, Philippines",14.650797599999997,121.10427449999999,Jollibee
Jollibee - Ayala Feliz,"Level 1, Ayala Malls, Feliz Marikina-Infanta Hwy, Pasig, 1800 Metro Manila, Philippines",14.6198271,121.09328339999999,Jollibee
Jollibee Shaw Blvd. Wack Wack,"545 Shaw Blvd, Mandaluyong City, 1552 Metro Manila, Philippines",14.586234500000002,121.0479294,Jollibee
Jollibee,"Rizal Ave, cor Manapat St, Malabon, Metro Manila, Philippines",14.6583907,120.95227179999999,Jollibee
Jollibee,"3rd, 3rd St, Pasay City, Metro Manila, Philippines",14.5381167,121.0011643,Jollibee
Jollibee,"Philippines, Metro Manila, Parañaque, Tambo, Ground Flr",14.5225518,120.99016449999998,Jollibee
Jollibee,"G/F Exportbank Plaza, Gil Puyat, cor Chino Roces Ave, Makati City, Metro Manila, Philippines",14.5593891,121.01155889999998,Jollibee
Jollibee,"Pamplona, Las Piñas, Metro Manila, Philippines",14.4515968,120.9773487,Jollibee
Jollibee,"1038 Edsa E. Congressional, Bago Bantay, Quezon City, Metro Manila, Philippines",14.657792899999997,121.021055,Jollibee
Jollibee Boni Avenue - Halcon,"Cor Boni Ave, Halcon, St, Mandaluyong City, Kalakhang Maynila, Philippines",14.575513800000001,121.0418521,Jollibee
Jollibee - Market Market,"City, Taguig, Metro Manila, Philippines",14.5491732,121.05607260000001,Jollibee
Jollibee,"Level 1 Red Hotel, 346 Don C Revilla St, corner Epifanio de los Santos Ave, Pasay City, Metro Manila, Philippines",14.537395699999998,121.0018992,Jollibee
Jollibee Quezon Blvd- Mayon,"Quezon Blvd, cor Mayon St, Quezon City, Metro Manila, Philippines",14.618178799999999,121.0018096,Jollibee
Jollibee Benin,"335 Benin St. corner EDSA, Grace Park East, Caloocan, 1400 Metro Manila, Philippines",14.656858999999999,120.985312,Jollibee
Jollibee,"N. DOMINGO, cor A. Luna, ST, San Juan City, Metro Manila, Philippines",14.606045600000002,121.02336960000001,Jollibee
Jollibee SM Center Muntinlupa,"GF Atrium Area, SM City Muntinlupa, Muntinlupa, 1781 Metro Manila, Philippines",14.377562099999997,121.0459427,Jollibee
Jollibee España Don Quijote,"JX6V+FG3, Don Quijote St, Sampaloc, Manila, 1008 Metro Manila, Philippines",14.611125800000002,120.9937889,Jollibee
Jollibee Ortigas Ave Extn- Valley Golf Rd,"Ortigas Ave. ext, cor Valley Golf Road, Cainta, 1900 Rizal, Philippines",14.5825096,121.12898939999998,Jollibee
Jollibee,"Diosdado Macapagal Blvd, Tambo, Parañaque, 1701 Metro Manila, Philippines",14.5231814,120.99095619999999,Jollibee
Jollibee Muñoz,"Munoz Market Plaza, EDSA cor, Fernando Poe Jr. Ave, Project 7, Quezon City, Metro Manila, Philippines",14.6573315,121.02002119999997,Jollibee
Jollibee - Nova Square Mall,"GF Nova Square, cor. Pablo dela Cruz St, 671 Quirino Hwy, Novaliches, Quezon City, 1123 Metro Manila, Philippines",14.701287299999999,121.03504849999997,Jollibee
Jollibee Edsa Zamora,"333 EDSA Zamora cor. Libertad St, Pasay City, Metro Manila, Philippines",14.5378876,121.0016179,Jollibee
Jollibee Banawe,"424 Banawe St, Bgy, cor Ma Clara, Santa Mesa Heights, Quezon City, Metro Manila, Philippines",14.6277029,121.0043152,Jollibee
Jollibee Pedro Gil Paco,"1246 Pedro Gil St, Paco, Manila, 1007 Metro Manila, Philippines",14.5785197,120.99481239999999,Jollibee
Jollibee - Paso de Blas,"621-B Paso de Blas Rd, Valenzuela, 1442 Metro Manila, Philippines",14.7093231,120.99376260000001,Jollibee
Jollibee,"Level 1 Ayala Circuit Mall AP Reyes Street, Makati City, Metro Manila, Philippines",14.5742403,121.0195741,Jollibee
Jollibee Scout Tobias,"Sct Tobias, cor Timog Ave, Diliman, Quezon City, Metro Manila, Philippines",14.6362118,121.03141099999999,Jollibee
Jollibee SM City Caloocan,"623 Bagumbong Rd, Barangay 171, Caloocan, 1421 Metro Manila, Philippines",14.7512591,121.0190744,Jollibee
Jollibee Rockwell Business Center Tower 3,"Rockwell Business Center, Meralco Ave, Ortigas Center, Pasig, Metro Manila, Philippines",14.5894167,121.0682275,Jollibee
Jollibee,"Green Meadows Ave, Ugong Norte, Quezon City, Metro Manila, Philippines",14.6016947,121.07887500000001,Jollibee
Jollibee WELLCOME PLAZA,"2420 G/ F Wellcome Plaza Bldg., Libertad St, Pasay City, Metro Manila, Philippines",14.5468271,120.99911660000001,Jollibee
Jollibee Abad Santos Ave.,"3039 Jose Abad Santos, Tondo, Manila, Metro Manila, Philippines",14.6321856,120.9803165,Jollibee
Jollibee,"509 G/F, Merchant Center Building, Padre Faura St, Ermita, Manila, 1000 Metro Manila, Philippines",14.577694300000001,120.9814629,Jollibee
Jollibee,"326 Shaw Blvd, corner Acacia Ln, Mandaluyong City, Metro Manila, Philippines",14.5891586,121.03583619999999,Jollibee
Jollibee,"Manuela Complex EDSA, cor Shaw Blvd, Mandaluyong City, Metro Manila, Philippines",14.582278299999999,121.05399089999999,Jollibee
Jollibee WalterMart Sucat,"Level 1 Waltermart Sucat, Brgy. San Isidro, Dr Arcadio Santos Ave, Parañaque, 1700 Metro Manila, Philippines",14.471697599999999,121.00750670000001,Jollibee
Jollibee,"Tan Hock Bldg. Edsa, Cor P.Burgos, Guadalupe Nuevo, Makati City, Metro Manila, Philippines",14.5653579,121.04546040000001,Jollibee
Jollibee ITC Shaw Kalentong,"51 Shaw Blvd, Mandaluyong City, 1550 Metro Manila, Philippines",14.593616899999999,121.0276074,Jollibee
Jollibee BSB Cml Bldg Sangandaan,"BSB Commercial Building, General San Miguel St, Sangandaan, Caloocan, 1408 Metro Manila, Philippines",14.657782399999997,120.97180979999999,Jollibee
Jollibee Makati Central Square,"120 Amorsolo Street, Legazpi Village, Makati, 1200 Kalakhang Maynila, Philippines",14.552251499999999,121.01436509999998,Jollibee
Jollibee (SM Aura),"GF SM Aura Premier, 26th St, cor McKinley Pkwy, Taguig, Metro Manila, Philippines",14.545854299999997,121.05399910000001,Jollibee
Jollibee,"Women's Club, corner Naval St, Malabon, Metro Manila, Philippines",14.675850299999999,120.94175349999999,Jollibee
Jollibee SM North EDSA,"GF C 106-108, SM City North EDSA, Misamis St, Quezon City, Metro Manila, Philippines",14.656379500000002,121.029754,Jollibee
Jollibee Roces- Quezon Ave,"1050 D&E Building Roces Ave, cor Quezon Ave, Diliman, Quezon City, Metro Manila, Philippines",14.633209100000002,121.02036319999999,Jollibee
Jollibee Alabang West,"C256+8W7, Almanza Dos, Las Piñas, Metro Manila, Philippines",14.4082782,121.01229900000001,Jollibee
Jollibee Liana's Parañaque,"Liana's Shopping Center, Dr Arcadio Santos Ave, Parañaque, 1709 Metro Manila, Philippines",14.4751699,121.0008424,Jollibee
Jollibee,"Amang Rodriguez, cor Marikina-Infanta Hwy, Pasig, 1800 Metro Manila, Philippines",14.6183122,121.0927231,Jollibee
Jollibee,"#139 B Anonas, cor Kamias Rd, Diliman, Quezon City, Metro Manila, Philippines",14.6346523,121.05859399999999,Jollibee
Jollibee,"850 M. Dela Fuente St, Sampaloc, Manila, 1008 Metro Manila, Philippines",14.610800200000002,120.99507659999999,Jollibee
Jollibee Mindanao Ave,"cornerMindanao Extension, Commonwealth Ave, Quezon City, Metro Manila, Philippines",14.7217646,121.0522609,Jollibee
Jollibee,"Fishermall, Quezon Avenue, corner Fernando Poe Jr. Ave, Quezon City, Metro Manila, Philippines",14.633272999999999,121.01853039999999,Jollibee
Jollibee - SM City Valenzuela,"Ground floor, SM Supercenter Valenzuela, along, MacArthur Hwy, Valenzuela, Metro Manila, Philippines",14.6861784,120.9762707,Jollibee
Jollibee Valenzuela Town Center,"VTC, MacArthur Hwy, Valenzuela, Metro Manila, Philippines",14.6923095,120.9697683,Jollibee
Jollibee Fisher Mall Malabon,"BLK 47 LOT 2, 10 Dagat-Dagatan Ave, Malabon, Metro Manila, Philippines",14.6568453,120.9610873,Jollibee
Jollibee Araneta Square Mall,"Along Monumento Cicle, Rizal Ave. Ext, Samson Rd, Caloocan, Metro Manila, Philippines",14.6567385,120.98357800000001,Jollibee
Jollibee PUREGOLD MAYPAJO,"PUREGOLD MAYPAJO LEVEL 1, J.P Rizal St, Maypajo, Caloocan, Metro Manila, Philippines",14.6376731,120.97449299999998,Jollibee
Jollibee,"Espana Blvd, Corner Padre Noval St, Sampaloc, Manila, 1008 Metro Manila, Philippines",14.606759400000001,120.98925489999999,Jollibee
Jollibee Centris Mall,"GF-22 and SF-8 Eton Centris Edsa, corner Quezon Ave, Diliman, Quezon City, Metro Manila, Philippines",14.6430077,121.0389458,Jollibee
Jollibee Taft Ave- Vito Cruz,"855 Taft Avenue, cor P.Ocampo St., Malate, Manila, 1004 Metro Manila, Philippines",14.562815799999997,120.9953516,Jollibee
Jollibee Trium Square,"2043 Leveriza, Pasay City, 1300 Kalakhang Maynila, Philippines",14.553965999999999,120.99492579999999,Jollibee
Jollibee Tower,"Jollibee Tower, 12 F. Ortigas Jr. Rd, San Antonio, Ortigas Center, Pasig, 1605 Metro Manila, Philippines",14.587891800000001,121.0619501,Jollibee
Jollibee,"32 Gen. Luna St, Tuktukan, Taguig, 1637 Metro Manila, Philippines",14.528961400000002,121.07057150000001,Jollibee
Jollibee Don Antonio,"19-c Holy Spirit Drive Corner Don Faustino Drive, Quezon City, 1127 Metro Manila, Philippines",14.683529,121.077709,Jollibee
Jollibee Plaza,"Jollibee Plaza, 12 F. Ortigas Jr. Rd, San Antonio, Ortigas Center, Pasig, 1605 Metro Manila, Philippines",14.587892499999999,121.0619055,Jollibee
Jollibee,"GF Convergys Bldg., Salcedo St., cor, Ayala Ave, Makati City, Metro Manila, Philippines",14.559426299999998,121.01611399999999,Jollibee
Jollibee,"Taft Ave Ext, Pasay City, Metro Manila, Philippines",14.5364486,121.0001812,Jollibee
Jollibee San Joaquin,"M. Concepcion Avenue, corner R. Jabson Street, Pasig, Metro Manila, Philippines",14.551600299999999,121.07411060000001,Jollibee
Jollibee Comembo,"Unit 1C Level 1 Comembo Commer Comembo, Comavena Market, Sampaguita St, Taguig, 1217 Metro Manila, Philippines",14.548421099999999,121.0632205,Jollibee
Jollibee - Greenhills Shopping Center,"G/F Vmall Greenhills Shopping Center, San Juan City, Metro Manila, Philippines",14.6024339,121.050135,Jollibee
Jollibee,"LEVEL 1 SM LIGHT MALL EDSA, CORNER Madison, Barangka Ilaya, Mandaluyong City, Metro Manila, Philippines",14.5738042,121.04895479999999,Jollibee
Jollibee The Landmark Makati,"Upper Basement, Landmark, Makati Ave, Makati City, Metro Manila, Philippines",14.5517977,121.0238126,Jollibee
Jollibee - Vasra Visayas Ave,"48 Visayas Ave, Brgy, corner Forestry, Vasra, Diliman, Quezon City, Metro Manila, Philippines",14.661240500000002,121.04460139999999,Jollibee
Jollibee Buendia- Taft Pasay,"Buendia Avenue, Cor Taft Ave, Pasay City, Metro Manila, Philippines",14.5539031,120.9976298,Jollibee
Jollibee - Festival Mall (Ground Floor R1),"Festival Supermall Commerce Ave, Alabang, Muntinlupa, 1781 Metro Manila, Philippines",14.4177932,121.04143339999999,Jollibee
Jollibee DD Meridian Plaza,"Double dragon Plaza Meridian Park cor. Macapagal Ave, EDSA Ext, Pasay, Pasay City, Metro Manila, Philippines",14.5361896,120.99037170000001,Jollibee
Jollibee WATERFUN,"249 Maria Rodriguez Tiñga Ave, Taguig, 1630 Metro Manila, Philippines",14.514913100000001,121.05205509999999,Jollibee
Jollibee,"Meralco Ave, Ortigas Center, Pasig, Metro Manila, Philippines",14.5877141,121.06355280000001,Jollibee
Jollibee,"301 Katipunan Ave, Loyola Heights, Quezon City, Metro Manila, Philippines",14.637350399999999,121.0741099,Jollibee
Jollibee,"Level 1, Five Ecom Bldg, Harbor Dr, Pasay City, Metro Manila, Philippines",14.538825799999998,120.9822124,Jollibee
Jollibee Signal Village,"140 Zone, 6 Ballecer, Central Signal Village (Signal Village), Taguig, 1633 Metro Manila, Philippines",14.504737999999998,121.0530166,Jollibee
Jollibee Foods Corporation,"10/F, Jollibee Plaza, 10 F. Ortigas Jr. Rd, San Antonio, Ortigas Center, Pasig, 1604 Metro Manila, Philippines",14.5877565,121.06137249999999,Jollibee
Jollibee | SM Mall of Asia,"G/f. Main Mall, SM Mall of Asia, Central Business Park, J.W. Diokno Blvd, Pasay City, 1300 Metro Manila, Philippines",14.5348619,120.9828763,Jollibee
Jollibee Plaza,"H3Q6+4G8, F. Ortigas Jr. Rd, Ortigas Center, Pasig, Metro Manila, Philippines",14.587777400000002,121.061324,Jollibee
Jollibee,"Alabang–Zapote Rd, Talon Uno, Las Piñas, 1747 Metro Manila, Philippines",14.4427617,120.99861209999999,Jollibee
Jollibee G. Tuazon - E. Quintos,"301 G. Tuazon, sts., Balic-balic, cor E. Queintos, Sampaloc, Manila, 1015 Metro Manila, Philippines",14.6069761,121.0029332,Jollibee
"Jollibee - Bayani Road, Taguig City","30, Blk 60 Bayani Rd, Fort Bonifacio, Taguig, 1630 Metro Manila, Philippines",14.526281699999998,121.04267430000002,Jollibee
Manong Pepe's Jollibee Plaza Branch,"4th Floor, Don Francisco, Jollibee Plaza, F. Ortigas Jr. Rd, Ortigas Center, Pasig, Metro Manila, Philippines",14.5878498,121.06155100000001,Jollibee
Jollibee,"G/F Bldg. B SM Megamall Complex EDSA, Ortigas Center, Mandaluyong City, Metro Manila, Philippines",14.583710700000001,121.05674589999998,Jollibee
Jollibee Gracepark,"Super 8 Caloocan G/F, 558, near the package counter, Super 8 Grocery, 564 Rizal Ave Ext, Grace Park East, Caloocan, Metro Manila, Philippines",14.6541723,120.98418160000001,Jollibee
Jollibee ARDI 3 CML CNTR,"RD 3 Commercial Complex, A.Bonifacio Ave, Cainta, 1900 Rizal, Philippines",14.5770187,121.1165391,Jollibee
Jollibee,"Alabang Zapote Rd, Brgy, corner Madrigal Ave, New Alabang Village, Muntinlupa, Metro Manila, Philippines",14.425777199999999,121.0278819,Jollibee
Jollibee,"H3J3+CR6, Epifanio de los Santos Ave, Ortigas Center, Mandaluyong City, Metro Manila, Philippines",14.5810259,121.0545171,Jollibee
Jollibee at Unimart Capitol Commons,"H3F6+RPP, Pasig, Metro Manila, Philippines",14.574576299999999,121.0618423,Jollibee
Jollibee - Happy Go Shopping Mall Valenzuela,"Jollibee, Ibaba, Valenzuela, 1440 Metro Manila, Philippines",14.746600899999999,120.9962226,Jollibee
Jollibee - Visayas Tandang Sora,"248 Visayas Ave, Quezon City, 1107 Metro Manila, Philippines",14.675778300000001,121.0438895,Jollibee
Jollibee Philippine Heart Center,"Philippine Heart Center Bldg, East Avenue, cor Matalino St, Diliman, Quezon City, Metro Manila, Philippines",14.644468999999999,121.04801639999998,Jollibee
Jollibee - SM Congressional,"70 Congressional Ave, Project 8, Quezon City, Metro Manila, Philippines",14.6711833,121.03879210000001,Jollibee
Jollibee - Vicas Camarin,"P2XP+5HW, 173, Caloocan, Metro Manila, Philippines",14.7478797,121.03653290000001,Jollibee
Jollibee - Puregold Arvo,"Puregold Ayala Malls Marikina, Liwasang Kalayaan, Marikina, 1800 Metro Manila, Philippines",14.648384000000002,121.11621559999998,Jollibee
Jollibee - SM Southmall,"Basement level, SM Southmall, Alabang–Zapote Rd, Las Piñas, Metro Manila, Philippines",14.432654000000001,121.010848,Jollibee
Jollibee,"24 Diosdado Macapagal Blvd, Pasay City, Metro Manila, Philippines",14.534129100000001,120.9887869,Jollibee
Jollibee - Zabarte,"175, 1400 13-15, 175, Barangay, Lot 3, Zone 15, Block 13-15, DISTRICT 1 Camarin Rd, Caloocan, 1400 Metro Manila, Philippines",14.757821600000002,121.0438258,Jollibee
Jollibee,"Bgy, Dr Arcadio Santos Ave, San Isidro, Parañaque, 1700 Metro Manila, Philippines",14.4652833,121.01808619999998,Jollibee
Jollibee,"Phoenix Gas Station, beside Hotel 101, along, EDSA Ext, Pasay City, Metro Manila, Philippines",14.535624600000002,120.98767570000001,Jollibee
Jollibee,"127 Quirino Hwy, cor M. Pascual St, Quezon City, 1106 Metro Manila, Philippines",14.6675903,121.00844040000001,Jollibee
Jollibee - Landmark,"Stall 1 Level 1 Food Center Landmark Alabang Building, Filinvest City, Alabang, Muntinlupa, Metro Manila, Philippines",14.416631800000001,121.04293229999999,Jollibee
Jollibee,"3F SM City BF Homes Paranaque, Dr. A. Santos Ave, Corner President's Ave, Parañaque, 1700 Metro Manila, Philippines",14.458302600000001,121.0320122,Jollibee
Jollibee,"Annapolis, cor Missouri, San Juan City, Metro Manila, Philippines",14.6038628,121.05225519999998,Jollibee
Jollibee Caruncho San Nicolas,"H36M+422, Caruncho Ave, Pasig, Metro Manila, Philippines",14.560261299999999,121.0825222,Jollibee
Jollibee Gil Fernando- Sumulong,"Gil Fernando, cor Sumulong Hwy, Marikina, 1800 Metro Manila, Philippines",14.6347094,121.10174239999998,Jollibee
Jollibee SPRING CINEMA Arnaiz Ave,"G/F Spring Cinema Bldg. Arnaiz Ave, Cor Burgos St, Pasay City, Metro Manila, Philippines",14.548221400000001,121.0009273,Jollibee
Jollibee,"3126 Redemptorist Road, Baclaran, Parañaque, 1702 Kalakhang Maynila, Philippines",14.532297000000002,120.99471039999999,Jollibee
Jollibee Aseana,"G/F Aseana One, Brgy, Aseana City, Bldg Bradco Ave, Baclaran, Parañaque, Metro Manila, Philippines",14.529217399999999,120.9916179,Jollibee
Jollibee,"unit E University Tower, # 728 Pedro Gil cor. Dr. Vasquez st. Malate Manila Manila City, Malate, Manila, 1004 Metro Manila, Philippines",14.5751767,120.9865262,Jollibee
Jollibee Pinagtipunan Circle Potrero,"3 Pinagtipunan Cir, Potrero, Malabon, 1475 Metro Manila, Philippines",14.6637299,120.983994,Jollibee
Jollibee Juan Luna Pampanga,"2130 Juan Luna St, Tondo, Manila, 1013 Metro Manila, Philippines",14.628737,120.974046,Jollibee
Jollibee,"G/F, STI HOLDINGS BLDG, 6764 Ayala Ave, Makati City, 1229 Metro Manila, Philippines",14.555981499999998,121.0215942,Jollibee
McDonald's,"Upper McKinley Hl, Taguig, 1627 Metro Manila, Philippines",14.534069699999998,121.0506465,McDonald's
McDonald's Commerce Ave,"Commerce Ave, Corner Spectrum St, Alabang, Muntinlupa, 1781 Metro Manila, Philippines",14.4201425,121.0358358,McDonald's
McDonald's Victory Mall,"1659 Rizal Avenue Monumento, Caloocan, 1008 Metro Manila, Philippines",14.655595999999997,120.983358,McDonald's
McDonald's,"100 Jupiter, Makati City, 1209 Metro Manila, Philippines",14.562321299999999,121.02793969999998,McDonald's
McDonald's P. Guevarra,"256 P. Guevarra St, San Juan City, 1500 Metro Manila, Philippines",14.604090000000001,121.0324462,McDonald's
McDonald's,"322-B P. Tuazon Blvd, Project 4, Quezon City, 1109 Metro Manila, Philippines",14.621236399999999,121.0636973,McDonald's
McDonald's,"8001 Epifanio de los Santos Ave, Project 7, Quezon City, 1105 Metro Manila, Philippines",14.657159000000002,121.02107799999999,McDonald's
McDonald's Sta Ana,"2242 Pedro Gil St, Santa Ana, Manila, 1009 Metro Manila, Philippines",14.581385800000001,121.01258639999999,McDonald's
McDonald's,"Taft Ave, corner Pedro Gil St, Ermita, Manila, 1000 Metro Manila, Philippines",14.5764748,120.98830269999999,McDonald's
McDonald's,"2 Aurora Blvd, Project 3, Quezon City, 1102 Metro Manila, Philippines",14.6279576,121.0633546,McDonald's
McDonald's,"1344 Epifanio de los Santos Ave, Makati City, 1233 Metro Manila, Philippines",14.539319100000002,121.01241510000001,McDonald's
McDonald's,"Caruncho Ave, Pasig, 1600 Metro Manila, Philippines",14.5581456,121.08252729999998,McDonald's
McDonald's,"107 Eulogio Rodriguez Jr. Ave, Quezon City, 1110 Metro Manila, Philippines",14.6020485,121.07964199999998,McDonald's
McDonald's,"F@st Bytes, Alabang, Muntinlupa, 1781 Metro Manila, Philippines",14.4254172,121.0397874,McDonald's
McDonald's,"Evangelista St, Pasig, 1610 Metro Manila, Philippines",14.610029400000002,121.091814,McDonald's
McDonald's Zabarte,"Zabarte Rd, Caloocan, 1422 Metro Manila, Philippines",14.755900899999997,121.04336199999999,McDonald's
McDonald's Concepcion Marikina,"Bayan-Bayanan Avenue Cor. E Santos, Candazo St, Marikina, 1800 Metro Manila, Philippines",14.650578399999999,121.1047669,McDonald's
McDonald's,"M. Naval St, Navotas, 1485 Metro Manila, Philippines",14.6585556,120.9474406,McDonald's
McDonald's,"Dahlia St, Cor Regalado Ave, West Fairview, Quezon City, Kalakhang Maynila, Philippines",14.6997491,121.06746480000001,McDonald's
McDonald's,"25 Lopez Dr, Makati City, 1210 Metro Manila, Philippines",14.565477000000001,121.03599299999999,McDonald's
McDonald's Philcoa,"L2 Citimall Building , Commonwealth Avenue, San Vicente , Philcoa, Quezon City, Metro Manila, Philippines, Diliman, Quezon City, 1101 Metro Manila, Philippines",14.653694,121.05358199999999,McDonald's
McDonald's QH Novaliches,"483 Quirino Hwy, Quezon City, 1116 Metro Manila, Philippines",14.686475399999999,121.0240579,McDonald's
McDonald's C Raymundo,"200 C. Raymundo Ave, Pasig, 1600 Metro Manila, Philippines",14.570666499999998,121.082399,McDonald's
McDonald's,"1200 Valero, Makati, 1227 Kalakhang Maynila, Philippines",14.5606689,121.0180172,McDonald's
McDonald's Luzon Commonwealth,"2 Luzon Ave, Quezon City, 1119 Metro Manila, Philippines",14.6661661,121.07061139999999,McDonald's
McDonald’s,"24 Gen. Luna St, Malabon, Metro Manila, Philippines",14.669155299999998,120.94706439999999,McDonald's
McDonald's Karangalan,"Imelda Ave. Corner Magsaysay Road, Pasig, 1800 Metro Manila, Philippines",14.6044822,121.10505739999999,McDonald's
McDonald's,"1600 Pearl Dr, Ortigas Center, Pasig, 1605 Metro Manila, Philippines",14.581254,121.06074419999999,McDonald's
McDonald's,"J. P. Rizal St, Makati City, 1207 Metro Manila, Philippines",14.5719034,121.01601559999999,McDonald's
McDonald's - Lower Bicutan Branch,"449 Banai St, Taguig, Metro Manila, Philippines",14.488506699999999,121.061009,McDonald's
McDonald's B.Hive Plaza,"101 Gen. T. de Leon, Valenzuela, 1442 Metro Manila, Philippines",14.686753999999999,120.99527649999999,McDonald's
McDonald's,"17 B. Morcilla St, Pateros, 1620 Metro Manila, Philippines",14.5450295,121.0662906,McDonald's
McDonald's PITX,"2Nd Floor, Paranaque Integrated Terminal Exchange, 1 Kennedy Road, Brgy. Tambo, Parañaque, 1701 Metro Manila, Philippines",14.5094499,120.99089130000002,McDonald's
McDonald's Gov. Forbes,"Governor Forbes, Sampaloc, Manila, 1800 Metro Manila, Philippines",14.6129616,120.98997109999999,McDonald's
McDonald's,"71 Eulogio Amang Rodriguez Ave, Pasig, 1610 Metro Manila, Philippines",14.619380000000001,121.09294,McDonald's
McDonald's Wack Wack,"555 Shaw Blvd, Mandaluyong City, 1552 Metro Manila, Philippines",14.5866502,121.04752979999998,McDonald's
McDonald's,"Symaco Bldg, 673 Rizal Ave Ext, Malabon, 1470 Metro Manila, Philippines",14.658675,120.95278189999999,McDonald's
McDonald's Edsa Taft Rotonda,"24 EDSA - Pasay Rotonda Foot Bridge, Pasay City, 1302 Metro Manila, Philippines",14.5382783,121.00058019999997,McDonald's
McDonald's,"G080 G081, Ayala Malls Manila Bay, Parañaque, 1700 Metro Manila, Philippines",14.523151099999998,120.99021060000001,McDonald's
McDonald's,"corner Chino Roces Ave, Makati City, 1200 Metro Manila, Philippines",14.559781599999999,121.0120544,McDonald's
McDonald's Pamplona Dos,"Alabang–Zapote Rd, Las Piñas, 1742 Metro Manila, Philippines",14.4513674,120.97794549999999,McDonald's
McDonald's,"441 Boni Ave, Mandaluyong City, 1550 Metro Manila, Philippines",14.575878699999999,121.0413108,McDonald's
McDonald's,"L1, 137 , Market! Market! Mall , 26th Street, Corner C5, Taguig, 1634 Metro Manila, Philippines",14.5493335,121.05542799999999,McDonald's
McDonald's Giselle Plaza,"76 EDSA - Pasay Rotonda Foot Bridge, Pasay City, 1303 Metro Manila, Philippines",14.537243699999998,121.0012514,McDonald's
McDonald's Sun Mall Welcome Rotonda,"11 Mayon St, Quezon City, 1114 Metro Manila, Philippines",14.618165800000002,121.00113540000001,McDonald's
McDonald's,"490 Epifanio de los Santos Ave, Morning Breeze Subdivision, Caloocan, 1405 Metro Manila, Philippines",14.657478,120.985533,McDonald's
McDonald's,"N. Domingo St. Cor. F. Blumentritt St. Commercial Unit 4 Puregold Agora Mall, San Juan City, 1800 Metro Manila, Philippines",14.6054007,121.02318679999999,McDonald's
McDonald's,"Manila S Rd, Tunasan, Muntinlupa, 1773 Metro Manila, Philippines",14.3769904,121.0463094,McDonald's
McDonald's Munoz,"24 1, Bago Bantay, Quezon City, 1106 Metro Manila, Philippines",14.657973900000002,121.0203684,McDonald's
McDonald's Espana,"Don Quijote St, Sampaloc, Manila, 1008 Metro Manila, Philippines",14.61046,120.99399000000001,McDonald's
McDonald's,"Ortigas Ave Ext, Cainta, 1900 Rizal, Philippines",14.5818125,121.12906249999999,McDonald's
McDonald's - Holy Cross Novaliches,"701 Quirino Hwy, Quezon City, Metro Manila, Philippines",14.7018678,121.03551189999999,McDonald's
McDonald's,"Banawe St, Quezon City, 1100 Metro Manila, Philippines",14.628381300000001,121.0040151,McDonald's
McDonald's Paco,"1552 Paz St, Paco, Manila, 1007 Metro Manila, Philippines",14.579131299999998,120.99528099999999,McDonald's
McDonald's NXTGEN,"1105 Epifanio de los Santos Ave, Bago Bantay, Quezon City, 1105 Metro Manila, Philippines",14.658058400000002,121.0203174,McDonald's
McDonald's Paso De Blas,"Ugf Cu#10 And Sf Cu#1 Paso De Blas Mall, Cor General Luis, Valenzuela, 1448 Metro Manila, Philippines",14.7085552,120.9937451,McDonald's
McDonald's,"C1-027 to 028, Lower G/F, Ayala Malls Circuit, Hippodromo St, Makati City, 1207 Metro Manila, Philippines",14.573532,121.0192614,McDonald's
McDonald's,"1103 Sct. Tobias St, Diliman, Quezon City, 1103 Metro Manila, Philippines",14.635443500000001,121.03127099999999,McDonald's
McDonald's Bagumbong Caloocan,"Q229+5JX, Barangay 171, Caloocan, Metro Manila, Philippines",14.7504771,121.01909880000001,McDonald's
McDonald's QH San Bartolome,"6 Quirino Hwy, Quezon City, 1116 Metro Manila, Philippines",14.701900000000002,121.03556,McDonald's
McDonald's,"Ortigas Ave, Pasig, 1000 Metro Manila, Philippines",14.590200000000001,121.06843,McDonald's
McDonald's Taft Libertad,"corner Antonio S. Arnaiz Ave, Pasay City, 1304 Metro Manila, Philippines",14.547609,120.99882939999999,McDonald's
McDonald's Abad Santos Hermosa,"3051 J Abad Santos Ave, Tondo, Manila, 1012 Metro Manila, Philippines",14.6313694,120.98047469999999,McDonald's
McDonald's Padre Faura J Bocobo,"537 Padre Faura St, Ermita, Manila, 1000 Metro Manila, Philippines",14.5781117,120.98220979999999,McDonald's
McDonald's,"362 Shaw Blvd, Mandaluyong City, 1552 Metro Manila, Philippines",14.5891772,121.0367622,McDonald's
McDonald's,"574a Shaw Blvd, Mandaluyong City, 1552 Metro Manila, Philippines",14.581977499999997,121.05311370000001,McDonald's
McDonald's Fortunata,"24 Creek Dr, Parañaque, 1700 Metro Manila, Philippines",14.471111100000002,121.00825889999999,McDonald's
McDonald's,"1782 North Garcia, Makati City, 1212 Metro Manila, Philippines",14.565258,121.04642299999998,McDonald's
McDonald's,"77 Shaw Blvd, Mandaluyong City, 1552 Metro Manila, Philippines",14.593167,121.0284893,McDonald's
McDonald's Sangandaan Caloocan,"627 A. Mabini St, Sangandaan, Caloocan, 1400 Metro Manila, Philippines",14.6569288,120.9713422,McDonald's
McDonald's,"Amorsolo Street, Makati, 1229 Kalakhang Maynila, Philippines",14.553142099999999,121.01475800000001,McDonald's
McDonald's,"Lower Ground Level SM Aura, 26Th St, Cor McKinley Pkwy, Taguig, Metro Manila, Philippines",14.5467918,121.05433529999999,McDonald's
McDonald's Hulong Duhat,"24 Don Basilio Bautista Blvd, Malabon, 1471 Metro Manila, Philippines",14.676311,120.94270059999998,McDonald's
McDonald's SM North Edsa,"SM City North EDSA, Quezon City, 1100 Metro Manila, Philippines",14.656814299999999,121.030721,McDonald's
McDonald's,"Lower G/F Fishermall, Quezon Ave, Corner Roosevelt Ave, Brgy Sta. Cruz, Quezon City, 1104 Metro Manila, Philippines",14.633844299999998,121.0195115,McDonald's
McDonald's Alabang West,"Lot6 W Hollywood Dr, Alabang West, Las Piñas, 1751 Metro Manila, Philippines",14.409168,121.0128928,McDonald's
McDonald's,"Dr Arcadio Santos Ave, Parañaque, 1800 Metro Manila, Philippines",14.475862399999999,121.0000097,McDonald's
McDonald's Kamias QC,"101 Kamias Rd, Quezon City, 1102 Metro Manila, Philippines",14.633992500000002,121.05767770000001,McDonald's
Mcdonald's Sta. Monica,"Phase 4, Jordan Plaines Subdivision, Commonwealth Ave, Santa Monica, Novaliches, Quezon City, 1117 Metro Manila, Philippines",14.7221006,121.0511713,McDonald's
Burger King - Shell MacArthur Highway (Drive Thru),"230 MacArthur Hwy, Valenzuela, 1441 Metro Manila, Philippines",14.687169100000002,120.97573959999998,McDonald's
McDonald's,"MacArthur Hwy, Valenzuela, Metro Manila, Philippines",14.692444400000001,120.9709404,McDonald's
McDonald's C4 Caloocan,"Dagat-Dagatan Ave, Caloocan, 1411 Metro Manila, Philippines",14.657409999999999,120.96212999999999,McDonald's
McDonald's Maypajo Mabini,"40 A. Mabini St, Maypajo, Caloocan, 1410 Metro Manila, Philippines",14.6376373,120.9757204,McDonald's
McDonald's P.Campa,"P. Campa St. Cor. España St, 1008 Sampaloc, Manila, 1008 Metro Manila, Philippines",14.6059493,120.98831039999997,McDonald's
McDonald's,"Edsa, Cor Panay Ave, Diliman, Quezon City, 1103 Metro Manila, Philippines",14.643008999999997,121.03768389999998,McDonald's
McDonald's,"2399 Taft Ave, Malate, Manila, 1004 Metro Manila, Philippines",14.563431599999998,120.99423369999998,McDonald's
McDonald's,"2059 Donada, Pasay City, 1305 Kalakhang Maynila, Philippines",14.554128999999998,120.99622459999999,McDonald's
McDonald's,"1605 Sapphire Rd, Ortigas Center, Pasig, 1605 Metro Manila, Philippines",14.5888934,121.06275449999998,McDonald's
McDonald's,"24 Gen. Luna St, Taguig, 1637 Metro Manila, Philippines",14.529918700000001,121.0696947,McDonald's
McDonald's,"Holy Spirit Dr, Quezon City, 1100 Metro Manila, Philippines",14.684774299999999,121.0773964,McDonald's
McDonald's,"Spc 118, E People Support Center, Ayala Ave, Makati City, Metro Manila, Philippines",14.560086699999998,121.01496019999999,McDonald's
McDonald's,"500 Elizco Rd, Pasig, Metro Manila, Philippines",14.551071100000001,121.0753556,McDonald's
McDonald's,"8 Sampaguita St, Taguig, 1218 Metro Manila, Philippines",14.5476148,121.06214519999997,McDonald's
McDonald's,"Ortigas Ave, San Juan City, 1502 Metro Manila, Philippines",14.601921500000001,121.05140360000001,McDonald's
McDonald's,"24 Pinatubo, Manila, 1550 Kalakhang Maynila, Philippines",14.5734702,121.04759150000001,McDonald's
McDonald's,"147 Ayala Center, Makati City, 1224 Metro Manila, Philippines",14.551821999999998,121.0252209,McDonald's
McDonald's Visayas Avenue,"121 Rd 1, Quezon City, 1128 Metro Manila, Philippines",14.659875,121.0444137,McDonald's
McDonald's - Festival Mall (Ground Level),"LGF, Festival Mall, Corporate Ave, Alabang, Muntinlupa, Metro Manila, Philippines",14.4165386,121.04084119999999,McDonald's
McDonald's,"24 Diosdado Macapagal Blvd, Pasay City, 1300 Metro Manila, Philippines",14.5369935,120.9891822,McDonald's
McDonald's,"EP Hosing, Blk 24, 9, Taguig, 1630 Metro Manila, Philippines",14.516271999999999,121.05166899999999,McDonald's
McDonald's Katipunan,"91 Katipunan Ave, Quezon City, 1108 Metro Manila, Philippines",14.635933999999999,121.07412539999999,McDonald's
McDonald's,"1300 Sunset Ave, Pasay City, 1308 Metro Manila, Philippines",14.537466300000002,120.9818014,McDonald's
McDonald's,"Complex, Puregold Building, FTI Ave, Western Bicutan, Taguig, 1630 Metro Manila, Philippines",14.5057171,121.0519018,McDonald's
McDonald's,"104 F. Ortigas Jr. Rd, Ortigas Center, Pasig, 1600 Metro Manila, Philippines",14.586293600000001,121.0615239,McDonald's
McDonald's,"Gf 109-113, North Parking Np, SM Mall of Asia, J.W. Diokno Blvd, Pasay City, 1300 Metro Manila, Philippines",14.5363445,120.98275439999999,McDonald's
McDonald's Karuhatan,"211 MacArthur Hwy, Valenzuela, 1440 Metro Manila, Philippines",14.684738000000001,120.9766733,McDonald's
McDonald's Las Pinas Talon,"318 Alabang–Zapote Rd, Las Piñas, 1747 Metro Manila, Philippines",14.441319600000002,120.9981888,McDonald's
McDonald's,"1800 Gerardo Tuazon St, Sampaloc, Manila, 1008 Metro Manila, Philippines",14.6059428,121.0017671,McDonald's
Burger King - Bayani Road,"No. 35, Armed Forces of The Philippines Officer's Village Association Inc. AFPOVAI, 1630 Bayani Rd, Taguig, 1630 Metro Manila, Philippines",14.527721999999999,121.042115,McDonald's
McDonald's,"G/F SM Megamall Building A, Ortigas Center, Mandaluyong City, 1800 Metro Manila, Philippines",14.5852723,121.05679929999998,McDonald's
McDonald's Monumento Caloocan,"Grace Park West, Caloocan, Metro Manila, Philippines",14.652711499999999,120.98359779999998,McDonald's
McDonald's,"9 A.Bonifacio Ave, Cainta, 1900 Rizal, Philippines",14.5785774,121.1161448,McDonald's
McDonald's,"1780 Service Rd, Muntinlupa, 1799 Metro Manila, Philippines",14.4248983,121.0293288,McDonald's
McDonald's,"22 W Capitol Dr, Pasig, 1603 Metro Manila, Philippines",14.573256799999998,121.06073509999997,McDonald's
McDonald's Bignay Valenzuela,"PXWX+738, Bignay, Valenzuela, Metro Manila, Philippines",14.745669600000001,120.99769699999999,McDonald's
McDonald's Tandang Sora,"858 Tandang Sora Ave, Quezon City, 1100 Metro Manila, Philippines",14.6752569,121.045571,McDonald's
McDonald's Kapitolyo Parking and Drive Thru,"9 1st St, Pasig, 1603 Metro Manila, Philippines",14.5735175,121.06044099999998,McDonald's
McDonald's,"193 Matalino St, Diliman, Quezon City, 1100 Metro Manila, Philippines",14.644517700000002,121.0498391,McDonald's
McDonald's,"27-31 Visayas Ave, Project 8, Quezon City, 1106 Metro Manila, Philippines",14.671534000000001,121.04065899999999,McDonald's
McDonald's Vicas Camarin,"3 Camarin Rd, Caloocan, 1400 Metro Manila, Philippines",14.746266900000002,121.0356102,McDonald's
McDonald's,"15 Royal Palm St, Marikina, 1800 Metro Manila, Philippines",14.6502073,121.11584679999999,McDonald's
McDonald's Almanza,"Alabang–Zapote Rd, Las Piñas, 1740 Metro Manila, Philippines",14.434345500000001,121.01168820000001,McDonald's
McDonald's,"Ground Level, W Mall, 19 Coral Way, Pasay City, Metro Manila, Philippines",14.532210300000001,120.9891453,McDonald's
McDonald's Valley 1,"8289 Dr Arcadio Santos Ave, Parañaque, 1700 Metro Manila, Philippines",14.46444,121.01994999999998,McDonald's
"McDonald's - North Grove, Camarin RD","282 Camarin Rd, Barangay 173, Caloocan, 1400 Metro Manila, Philippines",14.755462500000002,121.0415963,McDonald's
McDonald's Baesa Quezon City,"167 Quirino Hwy, Quezon City, 1106 Metro Manila, Philippines",14.669370599999999,121.0094372,McDonald's
Mcdonald's SM BF,"F25M+3J9, Dr Arcadio Santos Ave, Parañaque, 1700 Metro Manila, Philippines",14.457667599999999,121.0340485,McDonald's
McDonald's,"24 Sumulong Hwy, Marikina, 1800 Metro Manila, Philippines",14.635206100000001,121.0996137,McDonald's
McDonald's,"Russell Avenue, Corner Roxas Blvd, Pasay City, 1308 Metro Manila, Philippines",14.5340779,120.99349260000001,McDonald's
McDonald's Shell Macapagal,"Aseana Power Station, Parañaque, 1700 Metro Manila, Philippines",14.529773599999999,120.9894722,McDonald's
McDonald's,"11-F Lanzones Street, Potrero, Malabon, 1475 Kalakhang Maynila, Philippines",14.661555000000002,120.98386909999998,McDonald's
McDonald's Juan Luna Manila,"2489 Juan Luna St, Tondo, Manila, 1013 Metro Manila, Philippines",14.626739499999998,120.97313650000001,McDonald's
McDonald's,"8757 Paseo de Roxas, Makati City, 1227 Metro Manila, Philippines",14.557620000000002,121.0231,McDonald's
